run_id,T1,d1,th1,br1,d2,th2,br2
0,0.5,0.0,0.5,0.5,-45.0,0.0,0.0
1,0.5,-22.5,1.0,1.0,-22.5,0.0,0.0
2,0.5,22.5,0.0,3.0,0.0,0.0,0.5
3,0.5,-45.0,0.5,6.0,0.0,0.5,0.5
4,0.5,22.5,1.0,0.0,22.5,0.5,1.0
5,0.5,-22.5,0.0,0.5,45.0,0.5,1.0
6,0.5,45.0,0.5,1.0,-45.0,0.5,3.0
7,0.5,-45.0,1.0,3.0,-45.0,1.0,3.0
8,0.5,0.0,0.0,10.0,-22.5,1.0,6.0
9,0.5,-22.5,0.5,0.0,0.0,1.0,6.0
10,0.5,45.0,1.0,0.5,0.0,0.0,10.0
11,0.5,-45.0,0.0,1.0,22.5,0.0,10.0
12,0.5,22.5,0.5,6.0,45.0,0.0,0.0
13,0.5,0.0,1.0,10.0,-45.0,0.0,0.0
14,0.5,45.0,0.0,0.0,-45.0,0.5,0.0
15,0.5,-45.0,0.5,0.5,-22.5,0.5,0.5
16,0.5,0.0,1.0,3.0,0.0,0.5,0.5
17,0.5,-22.5,0.0,6.0,22.5,0.5,1.0
18,0.5,22.5,0.5,10.0,22.5,1.0,1.0
19,0.5,-45.0,1.0,0.0,45.0,1.0,3.0
20,0.5,22.5,0.0,1.0,-45.0,1.0,3.0
21,0.5,0.0,0.5,3.0,-22.5,0.0,6.0
22,0.5,45.0,1.0,6.0,-22.5,0.0,6.0
23,0.5,-45.0,0.0,10.0,0.0,0.0,10.0
24,0.5,0.0,0.5,0.0,22.5,0.0,10.0
25,0.5,-22.5,1.0,0.5,22.5,0.5,0.0
26,0.5,45.0,0.0,1.0,45.0,0.5,0.0
27,0.5,-22.5,0.5,3.0,-45.0,0.5,0.0
28,0.5,22.5,1.0,6.0,-22.5,0.5,0.5
29,0.5,0.0,0.0,0.0,-22.5,1.0,0.5
30,0.5,45.0,0.5,0.5,0.0,1.0,1.0
31,0.5,-45.0,1.0,1.0,22.5,1.0,1.0
32,0.5,0.0,0.0,3.0,22.5,0.0,3.0
33,0.5,-22.5,0.5,10.0,45.0,0.0,3.0
34,0.5,22.5,1.0,0.0,-45.0,0.0,6.0
35,0.5,-45.0,0.0,0.5,-22.5,0.0,6.0
36,0.5,22.5,0.5,1.0,-22.5,0.5,10.0
37,0.5,-22.5,1.0,6.0,0.0,0.5,10.0
38,0.5,45.0,0.0,10.0,22.5,0.5,0.0
39,0.5,-45.0,0.5,0.0,45.0,0.5,0.0
40,0.5,0.0,1.0,0.5,45.0,1.0,0.5
41,0.5,-22.5,0.0,3.0,-45.0,1.0,0.5
42,0.5,45.0,0.5,6.0,-22.5,1.0,0.5
43,0.5,-22.5,1.0,10.0,0.0,0.0,1.0
44,0.5,22.5,0.0,0.5,0.0,0.0,1.0
45,0.5,0.0,0.5,1.0,22.5,0.0,3.0
46,0.5,45.0,1.0,3.0,45.0,0.0,3.0
47,0.5,-45.0,0.0,6.0,45.0,0.5,6.0
48,0.5,0.0,0.5,10.0,-45.0,0.5,6.0
49,0.5,-22.5,1.0,0.0,-45.0,0.5,10.0
50,0.5,22.5,0.0,0.5,-22.5,1.0,10.0
51,0.5,-45.0,0.5,1.0,0.0,1.0,0.0
52,0.5,22.5,1.0,3.0,0.0,1.0,0.0
53,0.5,0.0,0.0,6.0,22.5,1.0,0.5
54,0.5,45.0,0.5,0.0,45.0,0.0,0.5
55,0.5,-45.0,1.0,0.5,-45.0,0.0,0.5
56,0.5,22.5,0.0,1.0,-45.0,0.0,1.0
57,0.5,-22.5,0.5,3.0,-22.5,0.0,1.0
58,0.5,45.0,1.0,10.0,0.0,0.5,3.0
59,0.5,-22.5,0.0,0.0,0.0,0.5,3.0
60,0.5,22.5,0.5,0.5,22.5,0.5,6.0
61,0.5,0.0,1.0,1.0,45.0,1.0,6.0
62,0.5,45.0,0.0,6.0,-45.0,1.0,10.0
63,0.5,-45.0,0.5,10.0,-45.0,1.0,10.0
64,0.5,0.0,1.0,0.0,-22.5,1.0,0.0
65,0.5,-22.5,0.0,1.0,0.0,0.0,0.0
66,0.5,22.5,0.5,3.0,22.5,0.0,0.5
67,0.5,-45.0,1.0,6.0,22.5,0.0,0.5
68,0.5,22.5,0.0,10.0,45.0,0.0,1.0
69,0.5,-22.5,0.5,0.5,-45.0,0.5,1.0
70,0.5,45.0,1.0,1.0,-22.5,0.5,1.0
71,0.5,-45.0,0.0,3.0,-22.5,0.5,3.0
72,0.5,0.0,0.5,6.0,0.0,1.0,3.0
73,0.5,-22.5,1.0,10.0,22.5,1.0,6.0
74,0.5,45.0,0.0,0.0,22.5,1.0,6.0
75,0.5,-45.0,0.5,0.5,45.0,1.0,10.0
76,0.5,22.5,1.0,1.0,-45.0,0.0,10.0
77,0.5,0.0,0.0,3.0,-22.5,0.0,0.0
78,0.5,45.0,0.5,6.0,-22.5,0.0,0.0
79,0.5,-45.0,1.0,0.0,0.0,0.0,0.5
80,0.5,0.0,0.0,0.5,22.5,0.5,0.5
81,0.5,-22.5,0.5,1.0,22.5,0.5,1.0
82,0.5,22.5,1.0,3.0,45.0,0.5,1.0
83,0.5,-45.0,0.0,10.0,-45.0,1.0,1.0
84,0.5,22.5,0.5,0.0,-22.5,1.0,3.0
85,0.5,0.0,1.0,0.5,-22.5,1.0,3.0
86,0.5,45.0,0.0,3.0,0.0,1.0,6.0
87,0.5,-45.0,0.5,6.0,22.5,0.0,6.0
88,0.5,22.5,1.0,10.0,45.0,0.0,10.0
89,0.5,-22.5,0.0,0.0,45.0,0.0,10.0
90,0.5,45.0,0.5,1.0,-45.0,0.5,0.0
91,0.5,-22.5,1.0,3.0,-22.5,0.5,0.0
92,0.5,22.5,0.0,6.0,0.0,0.5,0.5
93,0.5,0.0,0.5,10.0,0.0,0.5,0.5
94,0.5,45.0,1.0,0.5,22.5,1.0,1.0
95,0.5,-45.0,0.0,1.0,45.0,1.0,1.0
96,0.5,0.0,0.5,3.0,45.0,1.0,3.0
97,0.5,-22.5,1.0,6.0,-45.0,1.0,3.0
98,0.5,22.5,0.0,10.0,-45.0,0.0,3.0
99,0.5,-45.0,0.5,0.0,-22.5,0.0,6.0
100,0.5,22.5,1.0,0.5,0.0,0.0,6.0
101,0.5,-22.5,0.0,1.0,0.0,0.5,10.0
102,0.5,45.0,0.5,3.0,22.5,0.5,10.0
103,0.5,-45.0,1.0,6.0,45.0,0.5,0.0
104,0.5,0.0,0.0,0.0,-45.0,0.5,0.0
105,0.5,-22.5,0.5,0.5,-45.0,1.0,0.5
106,0.5,45.0,1.0,1.0,-22.5,1.0,0.5
107,0.5,-22.5,0.0,6.0,0.0,1.0,1.0
108,0.5,22.5,0.5,10.0,0.0,1.0,1.0
109,0.5,0.0,1.0,0.0,22.5,0.0,3.0
110,0.5,45.0,0.0,0.5,45.0,0.0,3.0
111,0.5,-45.0,0.5,3.0,-45.0,0.0,3.0
112,0.5,0.0,1.0,6.0,-45.0,0.5,6.0
113,0.5,-22.5,0.0,10.0,-22.5,0.5,6.0
114,0.5,45.0,0.5,0.0,0.0,0.5,10.0
115,0.5,-45.0,1.0,1.0,22.5,0.5,10.0
116,0.5,22.5,0.0,3.0,22.5,1.0,0.0
117,0.5,0.0,0.5,6.0,45.0,1.0,0.0
118,0.5,45.0,1.0,10.0,-45.0,1.0,0.5
119,0.5,-45.0,0.0,0.5,-22.5,1.0,0.5
120,0.5,22.5,0.5,1.0,-22.5,0.0,1.0
121,0.5,-22.5,1.0,3.0,0.0,0.0,1.0
122,0.5,45.0,0.0,6.0,22.5,0.0,3.0
123,0.5,-22.5,0.5,10.0,22.5,0.0,3.0
124,0.5,22.5,1.0,0.0,45.0,0.5,6.0
125,0.5,0.0,0.0,0.5,-45.0,0.5,6.0
126,0.5,45.0,0.5,1.0,-22.5,0.5,6.0
127,0.5,-45.0,1.0,3.0,-22.5,0.5,10.0
128,0.5,0.0,0.0,6.0,0.0,1.0,10.0
129,0.5,-22.5,0.5,0.0,22.5,1.0,0.0
130,0.5,22.5,1.0,0.5,45.0,1.0,0.0
131,0.5,-45.0,0.0,1.0,45.0,0.0,0.5
132,0.5,22.5,0.5,3.0,-45.0,0.0,0.5
133,0.5,-22.5,1.0,10.0,-22.5,0.0,1.0
134,0.5,45.0,0.0,0.0,-22.5,0.0,1.0
135,0.5,-45.0,0.5,0.5,0.0,0.5,3.0
136,0.5,0.0,1.0,1.0,22.5,0.5,3.0
137,0.5,-22.5,0.0,6.0,45.0,0.5,6.0
138,0.5,45.0,0.5,10.0,45.0,0.5,6.0
139,0.5,-45.0,1.0,0.0,-45.0,1.0,6.0
140,0.5,0.0,0.5,3.0,0.0,1.0,10.0
141,0.5,45.0,1.0,6.0,0.0,0.0,0.0
142,0.5,-45.0,0.0,10.0,22.5,0.0,0.0
143,0.5,0.0,0.5,0.0,45.0,0.0,0.5
144,0.5,-22.5,1.0,1.0,45.0,0.0,0.5
145,0.5,22.5,0.0,3.0,-45.0,0.5,1.0
146,0.5,-45.0,0.5,6.0,-45.0,0.5,1.0
147,0.5,22.5,1.0,10.0,-22.5,0.5,3.0
148,0.5,0.0,0.0,0.0,0.0,0.5,3.0
149,0.5,45.0,0.5,0.5,0.0,1.0,6.0
150,0.5,-45.0,1.0,1.0,22.5,1.0,6.0
151,0.5,0.0,0.0,3.0,45.0,1.0,10.0
152,0.5,-22.5,0.5,6.0,-45.0,0.0,10.0
153,0.5,45.0,1.0,0.0,-45.0,0.0,10.0
154,0.5,-22.5,0.0,0.5,-22.5,0.0,0.0
155,0.5,22.5,0.5,1.0,0.0,0.0,0.0
156,0.5,0.0,1.0,3.0,22.5,0.5,0.5
157,0.5,45.0,0.0,10.0,22.5,0.5,0.5
158,0.5,-45.0,0.5,0.0,45.0,0.5,1.0
159,0.5,0.0,1.0,0.5,-45.0,0.5,1.0
160,0.5,-22.5,0.0,1.0,-45.0,1.0,3.0
161,0.5,22.5,0.5,6.0,-22.5,1.0,3.0
162,0.5,-45.0,1.0,10.0,0.0,1.0,6.0
163,0.5,22.5,0.0,0.0,22.5,0.0,6.0
164,0.5,-22.5,0.5,0.5,22.5,0.0,10.0
165,0.5,45.0,1.0,3.0,45.0,0.0,10.0
166,0.5,-45.0,0.0,6.0,-45.0,0.0,10.0
167,0.5,0.0,0.5,10.0,-22.5,0.5,0.0
168,0.5,-22.5,1.0,0.5,-22.5,0.5,0.0
169,0.5,45.0,0.0,1.0,0.0,0.5,0.0
170,0.5,-22.5,0.5,3.0,22.5,1.0,0.5
171,0.5,22.5,1.0,6.0,22.5,1.0,0.5
172,0.5,0.0,0.0,10.0,45.0,1.0,1.0
173,0.5,45.0,0.5,0.0,-45.0,1.0,1.0
174,0.5,-45.0,1.0,0.5,-22.5,0.0,3.0
175,0.5,0.0,0.0,1.0,-22.5,0.0,3.0
176,0.5,-22.5,0.5,3.0,0.0,0.0,6.0
177,0.5,45.0,1.0,6.0,22.5,0.0,6.0
178,0.5,-45.0,0.0,0.0,45.0,0.5,10.0
179,0.5,22.5,0.5,0.5,45.0,0.5,10.0
180,0.5,0.0,1.0,1.0,-45.0,0.5,0.0
181,0.5,45.0,0.0,3.0,-22.5,1.0,0.0
182,0.5,-45.0,0.5,10.0,-22.5,1.0,0.0
183,0.5,22.5,1.0,0.0,0.0,1.0,0.5
184,0.5,-22.5,0.0,0.5,22.5,1.0,0.5
185,0.5,45.0,0.5,1.0,45.0,0.0,1.0
186,0.5,-22.5,1.0,6.0,45.0,0.0,1.0
187,0.5,0.0,0.5,0.0,-22.5,0.0,3.0
188,0.5,45.0,1.0,1.0,0.0,0.5,6.0
189,0.5,-45.0,0.0,3.0,0.0,0.5,6.0
190,0.5,0.0,0.5,6.0,22.5,0.5,10.0
191,0.5,-22.5,1.0,10.0,45.0,1.0,10.0
192,0.5,22.5,0.0,0.5,45.0,1.0,0.0
193,0.5,-45.0,0.5,1.0,-45.0,1.0,0.0
194,0.5,22.5,1.0,3.0,-45.0,1.0,0.0
195,0.5,-22.5,0.0,6.0,-22.5,0.0,0.5
196,0.5,45.0,0.5,10.0,0.0,0.0,0.5
197,0.5,-45.0,1.0,0.0,0.0,0.0,1.0
198,0.5,0.0,0.0,0.5,22.5,0.0,1.0
199,0.5,-22.5,0.5,1.0,45.0,0.5,3.0
200,0.5,45.0,1.0,3.0,-45.0,0.5,3.0
201,0.5,-45.0,0.0,6.0,-45.0,0.5,6.0
202,0.5,22.5,0.5,0.0,-22.5,1.0,6.0
203,0.5,0.0,1.0,0.5,0.0,1.0,10.0
204,0.5,45.0,0.0,1.0,22.5,1.0,10.0
205,0.5,-45.0,0.5,3.0,22.5,1.0,0.0
206,0.5,0.0,1.0,10.0,45.0,0.0,0.0
207,0.5,-22.5,0.0,0.0,-45.0,0.0,0.5
208,0.5,22.5,0.5,0.5,-45.0,0.0,0.5
209,0.5,-45.0,1.0,3.0,-22.5,0.5,0.5
210,0.5,22.5,0.0,6.0,0.0,0.5,1.0
211,0.5,0.0,0.5,10.0,22.5,0.5,1.0
212,0.5,45.0,1.0,0.0,22.5,0.5,3.0
213,0.5,-45.0,0.0,1.0,45.0,1.0,3.0
214,0.5,22.5,0.5,3.0,-45.0,1.0,6.0
215,0.5,-22.5,1.0,6.0,-22.5,1.0,6.0
216,0.5,45.0,0.0,10.0,-22.5,1.0,10.0
217,0.5,-22.5,0.5,0.5,0.0,0.0,10.0
218,0.5,22.5,1.0,1.0,22.5,0.0,0.0
219,0.5,0.0,0.0,3.0,22.5,0.0,0.0
220,0.5,45.0,0.5,6.0,45.0,0.5,0.5
221,0.5,-45.0,1.0,10.0,-45.0,0.5,0.5
222,0.5,0.0,0.0,0.0,-22.5,0.5,0.5
223,0.5,-22.5,0.5,0.5,-22.5,0.5,1.0
224,0.5,22.5,1.0,1.0,0.0,1.0,1.0
225,0.5,-45.0,0.0,3.0,22.5,1.0,3.0
226,0.5,22.5,0.5,10.0,45.0,1.0,3.0
227,0.5,0.0,1.0,0.0,45.0,1.0,6.0
228,0.5,45.0,0.0,0.5,-45.0,0.0,6.0
229,0.5,-45.0,0.5,1.0,-22.5,0.0,10.0
230,0.5,0.0,1.0,6.0,-22.5,0.0,10.0
231,0.5,-22.5,0.0,10.0,0.0,0.5,0.0
232,0.5,45.0,0.5,0.0,22.5,0.5,0.0
233,0.5,-22.5,1.0,0.5,45.0,0.5,0.5
234,0.5,22.5,0.0,3.0,45.0,0.5,0.5
235,0.5,0.0,0.5,6.0,-45.0,1.0,1.0
236,0.5,45.0,1.0,10.0,-22.5,1.0,1.0
237,0.5,-45.0,0.0,0.0,0.0,1.0,1.0
238,0.5,0.0,0.5,1.0,0.0,1.0,3.0
239,0.5,-22.5,1.0,3.0,22.5,0.0,3.0
240,0.5,45.0,0.0,6.0,45.0,0.0,6.0
241,0.5,-45.0,0.5,10.0,45.0,0.0,6.0
242,0.5,22.5,1.0,0.5,-45.0,0.0,10.0
243,0.5,0.0,0.0,1.0,-45.0,0.5,10.0
244,0.5,45.0,0.5,3.0,-22.5,0.5,0.0
245,0.5,-45.0,1.0,6.0,0.0,0.5,0.0
246,0.5,22.5,0.0,10.0,0.0,0.5,0.5
247,0.5,-22.5,0.5,0.0,22.5,1.0,0.5
248,0.5,45.0,1.0,0.5,45.0,1.0,1.0
249,0.5,-22.5,0.0,1.0,-45.0,1.0,1.0
250,0.5,22.5,0.5,3.0,-45.0,0.0,1.0
251,0.5,0.0,1.0,6.0,-22.5,0.0,3.0
252,0.5,45.0,0.0,0.0,0.0,0.0,3.0
253,0.5,-45.0,0.5,0.5,22.5,0.0,6.0
254,0.5,0.0,1.0,1.0,22.5,0.5,6.0
255,0.5,-22.5,0.0,3.0,45.0,0.5,10.0
256,0.5,22.5,0.5,10.0,-45.0,0.5,10.0
257,0.5,-45.0,1.0,0.0,-45.0,0.5,0.0
258,0.5,22.5,0.0,0.5,-22.5,1.0,0.0
259,0.5,-22.5,0.5,1.0,0.0,1.0,0.5
260,0.5,45.0,1.0,6.0,22.5,1.0,0.5
261,0.5,-45.0,0.0,10.0,22.5,0.0,1.0
262,0.5,0.0,0.5,0.0,45.0,0.0,1.0
263,0.5,-22.5,1.0,0.5,-45.0,0.0,3.0
264,0.5,45.0,0.0,3.0,-22.5,0.0,3.0
265,0.5,-45.0,0.5,6.0,-22.5,0.5,3.0
266,0.5,22.5,1.0,10.0,0.0,0.5,6.0
267,0.5,0.0,0.0,0.0,22.5,0.5,6.0
268,0.5,45.0,0.5,1.0,22.5,0.5,10.0
269,0.5,-45.0,1.0,3.0,45.0,1.0,10.0
270,0.5,0.0,0.0,6.0,-45.0,1.0,0.0
271,0.5,-22.5,0.5,10.0,-22.5,1.0,0.0
272,0.5,22.5,1.0,0.0,-22.5,0.0,0.5
273,0.5,-45.0,0.0,0.5,0.0,0.0,0.5
274,0.5,22.5,0.5,1.0,22.5,0.0,1.0
275,0.5,0.0,1.0,3.0,45.0,0.0,1.0
276,0.5,45.0,0.0,6.0,45.0,0.5,3.0
277,0.5,-45.0,0.5,0.0,-45.0,0.5,3.0
278,0.5,0.0,1.0,0.5,-22.5,0.5,3.0
279,0.5,-22.5,0.0,1.0,0.0,0.5,6.0
280,0.5,45.0,0.5,3.0,0.0,1.0,6.0
281,0.5,-22.5,1.0,10.0,22.5,1.0,10.0
282,0.5,22.5,0.0,0.0,45.0,1.0,10.0
283,0.5,0.0,0.5,0.5,45.0,0.0,0.0
284,0.5,45.0,1.0,1.0,-45.0,0.0,0.0
285,0.5,-45.0,0.0,6.0,-22.5,0.0,0.5
286,0.5,0.0,0.5,10.0,0.0,0.0,0.5
287,0.5,-22.5,1.0,0.0,0.0,0.5,1.0
288,0.5,22.5,0.0,0.5,22.5,0.5,1.0
289,0.5,-45.0,0.5,3.0,45.0,0.5,3.0
290,0.5,22.5,1.0,6.0,45.0,1.0,3.0
291,0.5,-22.5,0.0,10.0,-45.0,1.0,6.0
292,0.5,45.0,0.5,0.5,-45.0,1.0,6.0
293,0.5,-45.0,1.0,1.0,-22.5,1.0,6.0
294,0.5,0.0,0.0,3.0,0.0,0.0,10.0
295,0.5,-22.5,0.5,6.0,0.0,0.0,10.0
296,0.5,45.0,1.0,10.0,22.5,0.0,0.0
297,0.5,-22.5,0.0,0.0,45.0,0.0,0.0
298,0.5,22.5,0.5,0.5,-45.0,0.5,0.5
299,0.5,0.0,1.0,1.0,-45.0,0.5,0.5
300,0.5,45.0,0.0,3.0,-22.5,0.5,1.0
301,0.5,-45.0,0.5,6.0,0.0,1.0,1.0
302,0.5,0.0,1.0,0.0,22.5,1.0,3.0
303,0.5,-22.5,0.0,0.5,22.5,1.0,3.0
304,0.5,22.5,0.5,1.0,45.0,1.0,6.0
305,0.5,-45.0,1.0,3.0,-45.0,0.0,6.0
306,0.5,22.5,0.0,10.0,-22.5,0.0,6.0
307,0.5,0.0,0.5,0.0,-22.5,0.0,10.0
308,0.5,-45.0,0.0,1.0,22.5,0.5,0.0
309,0.5,22.5,0.5,6.0,22.5,0.5,0.0
310,0.5,-22.5,1.0,10.0,45.0,0.5,0.5
311,0.5,45.0,0.0,0.0,-45.0,1.0,0.5
312,0.5,-22.5,0.5,1.0,-22.5,1.0,1.0
313,0.5,22.5,1.0,3.0,-22.5,1.0,1.0
314,0.5,0.0,0.0,6.0,0.0,1.0,3.0
315,0.5,45.0,0.5,10.0,22.5,0.0,3.0
316,0.5,-45.0,1.0,0.5,22.5,0.0,6.0
317,0.5,0.0,0.0,1.0,45.0,0.0,6.0
318,0.5,-22.5,0.5,3.0,-45.0,0.0,10.0
319,0.5,22.5,1.0,6.0,-22.5,0.5,10.0
320,0.5,-45.0,0.0,10.0,-22.5,0.5,10.0
321,0.5,22.5,0.5,0.0,0.0,0.5,0.0
322,0.5,-22.5,1.0,0.5,22.5,1.0,0.0
323,0.5,45.0,0.0,1.0,45.0,1.0,0.5
324,0.5,-45.0,0.5,3.0,45.0,1.0,0.5
325,0.5,0.0,1.0,6.0,-45.0,1.0,1.0
326,0.5,-22.5,0.0,0.0,-22.5,0.0,1.0
327,0.5,45.0,0.5,0.5,0.0,0.0,3.0
328,0.5,-45.0,1.0,1.0,0.0,0.0,3.0
329,0.5,22.5,0.0,6.0,22.5,0.5,6.0
330,0.5,0.0,0.5,10.0,45.0,0.5,6.0
331,0.5,45.0,1.0,0.0,45.0,0.5,10.0
332,0.5,-45.0,0.0,0.5,-45.0,0.5,10.0
333,0.5,0.0,0.5,3.0,-22.5,1.0,10.0
334,0.5,-22.5,1.0,6.0,0.0,1.0,0.0
335,0.5,22.5,0.0,10.0,0.0,1.0,0.0
336,0.5,-45.0,0.5,0.0,22.5,1.0,0.0
337,0.5,22.5,1.0,1.0,45.0,0.0,0.5
338,0.5,0.0,0.0,3.0,45.0,0.0,0.5
339,0.5,45.0,0.5,6.0,-45.0,0.0,1.0
340,0.5,-45.0,1.0,10.0,-45.0,0.5,1.0
341,0.5,22.5,0.0,0.5,-22.5,0.5,3.0
342,0.5,-22.5,0.5,1.0,0.0,0.5,3.0
343,0.5,45.0,1.0,3.0,0.0,0.5,6.0
344,0.5,-22.5,0.0,6.0,22.5,1.0,6.0
345,0.5,22.5,0.5,10.0,45.0,1.0,10.0
346,0.5,0.0,1.0,0.0,-45.0,1.0,10.0
347,0.5,45.0,0.0,0.5,-45.0,1.0,0.0
348,0.5,-45.0,0.5,1.0,-22.5,0.0,0.0
349,0.5,0.0,1.0,3.0,0.0,0.0,0.0
350,0.5,-22.5,0.0,10.0,0.0,0.0,0.5
351,0.5,22.5,0.5,0.0,22.5,0.5,0.5
352,0.5,-45.0,1.0,0.5,45.0,0.5,1.0
353,0.5,22.5,0.0,1.0,-45.0,0.5,1.0
354,0.5,0.0,0.5,6.0,-45.0,0.5,3.0
355,0.5,45.0,1.0,10.0,-22.5,1.0,3.0
356,0.5,-45.0,0.0,0.0,0.0,1.0,6.0
357,0.5,0.0,0.5,0.5,22.5,1.0,6.0
358,0.5,-22.5,1.0,3.0,22.5,1.0,10.0
359,0.5,45.0,0.0,6.0,45.0,0.0,10.0
360,0.5,-22.5,0.5,10.0,-45.0,0.0,0.0
361,0.5,22.5,1.0,0.0,-22.5,0.0,0.0
362,0.5,0.0,0.0,1.0,-22.5,0.0,0.0
363,0.5,45.0,0.5,3.0,0.0,0.5,0.5
364,0.5,-45.0,1.0,6.0,22.5,0.5,0.5
365,0.5,0.0,0.0,10.0,22.5,0.5,1.0
366,0.5,-22.5,0.5,0.5,45.0,0.5,1.0
367,0.5,45.0,1.0,1.0,-45.0,1.0,3.0
368,0.5,-45.0,0.0,3.0,-22.5,1.0,3.0
369,0.5,22.5,0.5,6.0,-22.5,1.0,6.0
370,0.5,0.0,1.0,10.0,0.0,0.0,6.0
371,0.5,45.0,0.0,0.0,22.5,0.0,10.0
372,0.5,-45.0,0.5,0.5,22.5,0.0,10.0
373,0.5,22.5,1.0,1.0,45.0,0.0,0.0
374,0.5,-22.5,0.0,3.0,-45.0,0.5,0.0
375,0.5,45.0,0.5,6.0,-22.5,0.5,0.5
376,0.5,-22.5,1.0,0.0,-22.5,0.5,0.5
377,0.5,22.5,0.0,0.5,0.0,0.5,0.5
378,0.5,0.0,0.5,1.0,22.5,1.0,1.0
379,0.5,45.0,1.0,3.0,45.0,1.0,1.0
380,0.5,-45.0,0.0,10.0,45.0,1.0,3.0
381,0.5,0.0,0.5,0.0,-45.0,0.0,3.0
382,0.5,-22.5,1.0,0.5,-22.5,0.0,6.0
383,0.5,22.5,0.0,1.0,0.0,0.0,6.0
384,0.5,-45.0,0.5,6.0,0.0,0.0,10.0
385,0.5,22.5,1.0,10.0,22.5,0.5,10.0
386,0.5,-22.5,0.0,0.0,45.0,0.5,0.0
387,0.5,45.0,0.5,0.5,45.0,0.5,0.0
388,0.5,-45.0,1.0,3.0,-45.0,0.5,0.5
389,0.5,0.0,0.0,6.0,-45.0,1.0,0.5
390,0.5,-22.5,0.5,10.0,-22.5,1.0,0.5
391,0.5,45.0,1.0,0.0,0.0,1.0,1.0
392,0.5,-45.0,0.0,1.0,0.0,0.0,1.0
393,0.5,22.5,0.5,3.0,22.5,0.0,3.0
394,0.5,0.0,1.0,6.0,45.0,0.0,3.0
395,0.5,45.0,0.0,10.0,-45.0,0.0,6.0
396,0.5,-45.0,0.5,0.0,-45.0,0.5,6.0
397,0.5,0.0,1.0,0.5,-22.5,0.5,10.0
398,0.5,22.5,0.5,3.0,0.0,0.5,0.0
399,0.5,-45.0,1.0,6.0,22.5,1.0,0.0
400,0.5,22.5,0.0,0.0,45.0,1.0,0.5
401,0.5,0.0,0.5,0.5,-45.0,1.0,0.5
402,0.5,45.0,1.0,1.0,-45.0,0.0,1.0
403,0.5,-45.0,0.0,3.0,-22.5,0.0,1.0
404,0.5,0.0,0.5,10.0,0.0,0.0,1.0
405,0.5,-22.5,1.0,0.0,22.5,0.0,3.0
406,0.5,45.0,0.0,0.5,22.5,0.5,3.0
407,0.5,-22.5,0.5,1.0,45.0,0.5,6.0
408,0.5,22.5,1.0,6.0,-45.0,0.5,6.0
409,0.5,0.0,0.0,10.0,-22.5,1.0,10.0
410,0.5,45.0,0.5,0.0,-22.5,1.0,10.0
411,0.5,-45.0,1.0,0.5,0.0,1.0,0.0
412,0.5,0.0,0.0,3.0,22.5,1.0,0.0
413,0.5,-22.5,0.5,6.0,22.5,0.0,0.5
414,0.5,22.5,1.0,10.0,45.0,0.0,0.5
415,0.5,-45.0,0.0,0.5,-45.0,0.0,1.0
416,0.5,-22.5,1.0,3.0,-22.5,0.5,1.0
417,0.5,45.0,0.0,6.0,0.0,0.5,3.0
418,0.5,-45.0,0.5,10.0,22.5,0.5,3.0
419,0.5,0.0,1.0,0.0,22.5,1.0,6.0
420,0.5,-22.5,0.0,0.5,45.0,1.0,6.0
421,0.5,45.0,0.5,1.0,-45.0,1.0,10.0
422,0.5,-22.5,1.0,3.0,-22.5,1.0,10.0
423,0.5,22.5,0.0,6.0,-22.5,0.0,0.0
424,0.5,0.0,0.5,0.0,0.0,0.0,0.0
425,0.5,45.0,1.0,0.5,22.5,0.0,0.5
426,0.5,0.0,0.5,3.0,45.0,0.5,1.0
427,0.5,-22.5,1.0,10.0,-45.0,0.5,1.0
428,0.5,45.0,0.0,0.0,-22.5,0.5,3.0
429,0.5,-45.0,0.5,0.5,0.0,1.0,3.0
430,0.5,22.5,1.0,3.0,0.0,1.0,3.0
431,0.5,0.0,0.0,6.0,22.5,1.0,6.0
432,0.5,45.0,0.5,10.0,45.0,1.0,6.0
433,0.5,-45.0,1.0,0.0,45.0,0.0,10.0
434,0.5,22.5,0.0,1.0,-45.0,0.0,10.0
435,0.5,-22.5,0.5,3.0,-45.0,0.0,0.0
436,0.5,45.0,1.0,6.0,-22.5,0.0,0.0
437,0.5,-22.5,0.0,10.0,0.0,0.5,0.5
438,0.5,22.5,0.5,0.5,0.0,0.5,0.5
439,0.5,0.0,1.0,1.0,22.5,0.5,1.0
440,0.5,45.0,0.0,3.0,45.0,1.0,1.0
441,0.5,-45.0,0.5,6.0,-45.0,1.0,3.0
442,0.5,0.0,1.0,10.0,-45.0,1.0,3.0
443,0.5,-22.5,0.0,0.0,-22.5,1.0,3.0
444,0.5,22.5,0.5,0.5,0.0,0.0,6.0
445,0.5,-45.0,1.0,1.0,0.0,0.0,6.0
446,0.5,22.5,0.0,3.0,22.5,0.0,10.0
447,0.5,-22.5,0.5,6.0,45.0,0.5,10.0
448,0.5,45.0,1.0,0.0,-45.0,0.5,0.0
449,0.5,-45.0,0.0,0.5,-45.0,0.5,0.0
450,0.5,0.0,0.5,1.0,-22.5,0.5,0.5
451,0.5,-22.5,1.0,6.0,0.0,1.0,0.5
452,0.5,45.0,0.0,10.0,22.5,1.0,1.0
453,0.5,-22.5,0.5,0.0,22.5,1.0,1.0
454,0.5,22.5,1.0,0.5,45.0,1.0,3.0
455,0.5,0.0,0.0,3.0,-45.0,0.0,3.0
456,0.5,45.0,0.5,6.0,-22.5,0.0,6.0
457,0.5,-45.0,1.0,10.0,-22.5,0.0,6.0
458,0.5,0.0,0.0,0.0,0.0,0.5,6.0
459,0.5,-22.5,0.5,1.0,22.5,0.5,10.0
460,0.5,22.5,1.0,3.0,22.5,0.5,10.0
461,0.5,-45.0,0.0,6.0,45.0,0.5,0.0
462,0.5,22.5,0.5,10.0,-45.0,1.0,0.0
463,0.5,0.0,1.0,0.5,-22.5,1.0,0.5
464,0.5,45.0,0.0,1.0,-22.5,1.0,0.5
465,0.5,-45.0,0.5,3.0,0.0,1.0,1.0
466,0.5,22.5,1.0,6.0,22.5,0.0,1.0
467,0.5,-22.5,0.0,10.0,45.0,0.0,3.0
468,0.5,45.0,0.5,0.0,45.0,0.0,3.0
469,0.5,-22.5,1.0,0.5,-45.0,0.5,6.0
470,0.5,22.5,0.0,1.0,-22.5,0.5,6.0
471,0.5,0.0,0.5,3.0,-22.5,0.5,6.0
472,0.5,45.0,1.0,10.0,0.0,0.5,10.0
473,0.5,-45.0,0.0,0.0,22.5,1.0,10.0
474,0.5,0.0,0.5,0.5,45.0,1.0,0.0
475,0.5,-22.5,1.0,1.0,45.0,1.0,0.0
476,0.5,22.5,0.0,6.0,-45.0,1.0,0.5
477,0.5,-45.0,0.5,10.0,-22.5,0.0,0.5
478,0.5,22.5,1.0,0.0,0.0,0.0,1.0
479,0.5,0.0,0.0,0.5,0.0,0.0,1.0
480,0.5,45.0,0.5,3.0,22.5,0.0,3.0
481,0.5,-45.0,1.0,6.0,45.0,0.5,3.0
482,0.5,0.0,0.0,10.0,45.0,0.5,6.0
483,0.5,-22.5,0.5,0.0,-45.0,0.5,6.0
484,0.5,45.0,1.0,1.0,-45.0,0.5,10.0
485,0.5,-22.5,0.0,3.0,-22.5,1.0,10.0
486,0.5,22.5,0.5,6.0,0.0,1.0,10.0
487,0.5,0.0,1.0,10.0,0.0,1.0,0.0
488,0.5,45.0,0.0,0.5,22.5,0.0,0.0
489,0.5,-45.0,0.5,1.0,45.0,0.0,0.5
490,0.5,0.0,1.0,3.0,-45.0,0.0,0.5
491,0.5,-22.5,0.0,6.0,-45.0,0.0,1.0
492,0.5,45.0,0.5,10.0,-22.5,0.5,1.0
493,0.5,-45.0,1.0,0.0,0.0,0.5,3.0
494,0.5,22.5,0.0,0.5,22.5,0.5,3.0
495,0.5,0.0,0.5,1.0,22.5,0.5,6.0
496,0.5,45.0,1.0,3.0,45.0,1.0,6.0
497,0.5,-45.0,0.0,6.0,-45.0,1.0,10.0
498,0.5,22.5,0.5,0.0,-45.0,1.0,10.0
499,0.5,-22.5,1.0,0.5,-22.5,0.0,10.0
500,0.5,45.0,0.0,1.0,0.0,0.0,0.0
501,0.5,-22.5,0.5,3.0,22.5,0.0,0.0
502,0.5,22.5,1.0,10.0,22.5,0.0,0.0
503,0.5,0.0,0.0,0.0,45.0,0.5,0.5
504,0.5,45.0,0.5,0.5,-45.0,0.5,0.5
505,0.5,-45.0,1.0,1.0,-22.5,0.5,1.0
506,0.5,0.0,0.0,6.0,-22.5,0.5,1.0
507,0.5,-22.5,0.5,10.0,0.0,1.0,3.0
508,0.5,22.5,1.0,0.0,22.5,1.0,3.0
509,0.5,-45.0,0.0,0.5,22.5,1.0,6.0
510,0.5,22.5,0.5,3.0,45.0,0.0,6.0
511,0.5,-22.5,1.0,6.0,-45.0,0.0,10.0
512,0.5,45.0,0.0,10.0,-22.5,0.0,10.0
513,0.5,-45.0,0.5,0.0,-22.5,0.0,0.0
514,0.5,0.0,1.0,1.0,0.0,0.5,0.0
515,0.5,-22.5,0.0,3.0,22.5,0.5,0.0
516,0.5,-45.0,1.0,10.0,45.0,0.5,0.5
517,0.5,22.5,0.0,0.0,-45.0,1.0,1.0
518,0.5,0.0,0.5,0.5,-22.5,1.0,1.0
519,0.5,45.0,1.0,1.0,-22.5,1.0,3.0
520,0.5,-45.0,0.0,3.0,0.0,0.0,3.0
521,0.5,0.0,0.5,6.0,22.5,0.0,6.0
522,0.5,-22.5,1.0,0.0,45.0,0.0,6.0
523,0.5,22.5,0.0,0.5,45.0,0.0,10.0
524,0.5,-45.0,0.5,1.0,-45.0,0.5,10.0
525,0.5,22.5,1.0,3.0,-22.5,0.5,0.0
526,0.5,0.0,0.0,10.0,0.0,0.5,0.0
527,0.5,45.0,0.5,0.0,0.0,1.0,0.5
528,0.5,-45.0,1.0,0.5,22.5,1.0,0.5
529,0.5,0.0,0.0,1.0,45.0,1.0,0.5
530,0.5,-22.5,0.5,6.0,45.0,1.0,1.0
531,0.5,45.0,1.0,10.0,-45.0,0.0,1.0
532,0.5,-22.5,0.0,0.0,-45.0,0.0,3.0
533,0.5,22.5,0.5,1.0,-22.5,0.0,3.0
534,0.5,0.0,1.0,3.0,0.0,0.0,6.0
535,0.5,45.0,0.0,6.0,0.0,0.5,6.0
536,0.5,-45.0,0.5,10.0,22.5,0.5,10.0
537,0.5,0.0,1.0,0.5,45.0,0.5,10.0
538,0.5,-22.5,0.0,1.0,-45.0,1.0,0.0
539,0.5,22.5,0.5,3.0,-45.0,1.0,0.0
540,0.5,-45.0,1.0,6.0,-22.5,1.0,0.5
541,0.5,22.5,0.0,10.0,0.0,1.0,0.5
542,0.5,-22.5,0.5,0.0,22.5,0.0,0.5
543,0.5,45.0,1.0,0.5,22.5,0.0,1.0
544,0.5,-45.0,0.0,1.0,45.0,0.0,1.0
545,0.5,0.0,0.5,3.0,-45.0,0.0,3.0
546,0.5,-22.5,1.0,6.0,-45.0,0.5,3.0
547,0.5,45.0,0.0,0.0,-22.5,0.5,6.0
548,0.5,-22.5,0.5,0.5,0.0,0.5,6.0
549,0.5,22.5,1.0,1.0,22.5,1.0,10.0
550,0.5,0.0,0.0,3.0,22.5,1.0,10.0
551,0.5,45.0,0.5,10.0,45.0,1.0,0.0
552,0.5,-45.0,1.0,0.0,-45.0,1.0,0.0
553,0.5,0.0,0.0,0.5,-22.5,0.0,0.5
554,0.5,-22.5,0.5,3.0,-22.5,0.0,0.5
555,0.5,22.5,1.0,6.0,0.0,0.0,0.5
556,0.5,-45.0,0.0,10.0,22.5,0.5,1.0
557,0.5,22.5,0.5,0.0,22.5,0.5,1.0
558,0.5,0.0,1.0,1.0,45.0,0.5,3.0
559,0.5,45.0,0.0,3.0,-45.0,0.5,3.0
560,0.5,-45.0,0.5,6.0,-22.5,1.0,6.0
561,0.5,22.5,1.0,10.0,-22.5,1.0,6.0
562,0.5,-22.5,0.0,0.5,0.0,1.0,10.0
563,0.5,45.0,0.5,1.0,22.5,1.0,10.0
564,0.5,-22.5,1.0,3.0,45.0,0.0,0.0
565,0.5,22.5,0.0,6.0,45.0,0.0,0.0
566,0.5,0.0,0.5,10.0,-45.0,0.0,0.5
567,0.5,45.0,1.0,0.0,-22.5,0.5,0.5
568,0.5,-45.0,0.0,0.5,-22.5,0.5,1.0
569,0.5,0.0,0.5,1.0,0.0,0.5,1.0
570,0.5,-22.5,1.0,3.0,22.5,0.5,1.0
571,0.5,22.5,0.0,6.0,45.0,1.0,3.0
572,0.5,-45.0,0.5,0.0,45.0,1.0,3.0
573,0.5,22.5,1.0,0.5,-45.0,1.0,6.0
574,0.5,-22.5,0.0,1.0,-22.5,1.0,6.0
575,0.5,45.0,0.5,6.0,0.0,0.0,10.0
576,0.5,-45.0,1.0,10.0,0.0,0.0,10.0
577,0.5,0.0,0.0,0.0,22.5,0.0,0.0
578,0.5,-22.5,0.5,0.5,45.0,0.5,0.0
579,0.5,45.0,1.0,3.0,45.0,0.5,0.5
580,0.5,-45.0,0.0,6.0,-45.0,0.5,0.5
581,0.5,22.5,0.5,10.0,-45.0,0.5,1.0
582,0.5,0.0,1.0,0.0,-22.5,1.0,1.0
583,0.5,45.0,0.0,1.0,0.0,1.0,1.0
584,0.5,-45.0,0.5,3.0,0.0,1.0,3.0
585,0.5,0.0,1.0,6.0,22.5,1.0,3.0
586,0.5,-22.5,0.0,10.0,45.0,0.0,6.0
587,0.5,22.5,0.5,0.5,-45.0,0.0,6.0
588,0.5,-45.0,1.0,1.0,-45.0,0.0,10.0
589,0.5,22.5,0.0,3.0,-22.5,0.5,10.0
590,0.5,0.0,0.5,6.0,0.0,0.5,0.0
591,0.5,45.0,1.0,10.0,22.5,0.5,0.0
592,0.5,-45.0,0.0,0.0,22.5,0.5,0.5
593,1.0,0.0,0.5,0.5,-45.0,0.0,0.0
594,1.0,-22.5,1.0,1.0,-22.5,0.0,0.0
595,1.0,22.5,0.0,3.0,0.0,0.0,0.5
596,1.0,-45.0,0.5,6.0,0.0,0.5,0.5
597,1.0,22.5,1.0,0.0,22.5,0.5,1.0
598,1.0,-22.5,0.0,0.5,45.0,0.5,1.0
599,1.0,45.0,0.5,1.0,-45.0,0.5,3.0
600,1.0,-45.0,1.0,3.0,-45.0,1.0,3.0
601,1.0,0.0,0.0,10.0,-22.5,1.0,6.0
602,1.0,-22.5,0.5,0.0,0.0,1.0,6.0
603,1.0,45.0,1.0,0.5,0.0,0.0,10.0
604,1.0,-45.0,0.0,1.0,22.5,0.0,10.0
605,1.0,22.5,0.5,6.0,45.0,0.0,0.0
606,1.0,0.0,1.0,10.0,-45.0,0.0,0.0
607,1.0,45.0,0.0,0.0,-45.0,0.5,0.0
608,1.0,-45.0,0.5,0.5,-22.5,0.5,0.5
609,1.0,0.0,1.0,3.0,0.0,0.5,0.5
610,1.0,-22.5,0.0,6.0,22.5,0.5,1.0
611,1.0,22.5,0.5,10.0,22.5,1.0,1.0
612,1.0,-45.0,1.0,0.0,45.0,1.0,3.0
613,1.0,22.5,0.0,1.0,-45.0,1.0,3.0
614,1.0,0.0,0.5,3.0,-22.5,0.0,6.0
615,1.0,45.0,1.0,6.0,-22.5,0.0,6.0
616,1.0,-45.0,0.0,10.0,0.0,0.0,10.0
617,1.0,0.0,0.5,0.0,22.5,0.0,10.0
618,1.0,-22.5,1.0,0.5,22.5,0.5,0.0
619,1.0,45.0,0.0,1.0,45.0,0.5,0.0
620,1.0,-22.5,0.5,3.0,-45.0,0.5,0.0
621,1.0,22.5,1.0,6.0,-22.5,0.5,0.5
622,1.0,0.0,0.0,0.0,-22.5,1.0,0.5
623,1.0,45.0,0.5,0.5,0.0,1.0,1.0
624,1.0,-45.0,1.0,1.0,22.5,1.0,1.0
625,1.0,0.0,0.0,3.0,22.5,0.0,3.0
626,1.0,-22.5,0.5,10.0,45.0,0.0,3.0
627,1.0,22.5,1.0,0.0,-45.0,0.0,6.0
628,1.0,-45.0,0.0,0.5,-22.5,0.0,6.0
629,1.0,22.5,0.5,1.0,-22.5,0.5,10.0
630,1.0,-22.5,1.0,6.0,0.0,0.5,10.0
631,1.0,45.0,0.0,10.0,22.5,0.5,0.0
632,1.0,-45.0,0.5,0.0,45.0,0.5,0.0
633,1.0,0.0,1.0,0.5,45.0,1.0,0.5
634,1.0,-22.5,0.0,3.0,-45.0,1.0,0.5
635,1.0,45.0,0.5,6.0,-22.5,1.0,0.5
636,1.0,-22.5,1.0,10.0,0.0,0.0,1.0
637,1.0,22.5,0.0,0.5,0.0,0.0,1.0
638,1.0,0.0,0.5,1.0,22.5,0.0,3.0
639,1.0,45.0,1.0,3.0,45.0,0.0,3.0
640,1.0,-45.0,0.0,6.0,45.0,0.5,6.0
641,1.0,0.0,0.5,10.0,-45.0,0.5,6.0
642,1.0,-22.5,1.0,0.0,-45.0,0.5,10.0
643,1.0,22.5,0.0,0.5,-22.5,1.0,10.0
644,1.0,-45.0,0.5,1.0,0.0,1.0,0.0
645,1.0,22.5,1.0,3.0,0.0,1.0,0.0
646,1.0,0.0,0.0,6.0,22.5,1.0,0.5
647,1.0,45.0,0.5,0.0,45.0,0.0,0.5
648,1.0,-45.0,1.0,0.5,-45.0,0.0,0.5
649,1.0,22.5,0.0,1.0,-45.0,0.0,1.0
650,1.0,-22.5,0.5,3.0,-22.5,0.0,1.0
651,1.0,45.0,1.0,10.0,0.0,0.5,3.0
652,1.0,-22.5,0.0,0.0,0.0,0.5,3.0
653,1.0,22.5,0.5,0.5,22.5,0.5,6.0
654,1.0,0.0,1.0,1.0,45.0,1.0,6.0
655,1.0,45.0,0.0,6.0,-45.0,1.0,10.0
656,1.0,-45.0,0.5,10.0,-45.0,1.0,10.0
657,1.0,0.0,1.0,0.0,-22.5,1.0,0.0
658,1.0,-22.5,0.0,1.0,0.0,0.0,0.0
659,1.0,22.5,0.5,3.0,22.5,0.0,0.5
660,1.0,-45.0,1.0,6.0,22.5,0.0,0.5
661,1.0,22.5,0.0,10.0,45.0,0.0,1.0
662,1.0,-22.5,0.5,0.5,-45.0,0.5,1.0
663,1.0,45.0,1.0,1.0,-22.5,0.5,1.0
664,1.0,-45.0,0.0,3.0,-22.5,0.5,3.0
665,1.0,0.0,0.5,6.0,0.0,1.0,3.0
666,1.0,-22.5,1.0,10.0,22.5,1.0,6.0
667,1.0,45.0,0.0,0.0,22.5,1.0,6.0
668,1.0,-45.0,0.5,0.5,45.0,1.0,10.0
669,1.0,22.5,1.0,1.0,-45.0,0.0,10.0
670,1.0,0.0,0.0,3.0,-22.5,0.0,0.0
671,1.0,45.0,0.5,6.0,-22.5,0.0,0.0
672,1.0,-45.0,1.0,0.0,0.0,0.0,0.5
673,1.0,0.0,0.0,0.5,22.5,0.5,0.5
674,1.0,-22.5,0.5,1.0,22.5,0.5,1.0
675,1.0,22.5,1.0,3.0,45.0,0.5,1.0
676,1.0,-45.0,0.0,10.0,-45.0,1.0,1.0
677,1.0,22.5,0.5,0.0,-22.5,1.0,3.0
678,1.0,0.0,1.0,0.5,-22.5,1.0,3.0
679,1.0,45.0,0.0,3.0,0.0,1.0,6.0
680,1.0,-45.0,0.5,6.0,22.5,0.0,6.0
681,1.0,22.5,1.0,10.0,45.0,0.0,10.0
682,1.0,-22.5,0.0,0.0,45.0,0.0,10.0
683,1.0,45.0,0.5,1.0,-45.0,0.5,0.0
684,1.0,-22.5,1.0,3.0,-22.5,0.5,0.0
685,1.0,22.5,0.0,6.0,0.0,0.5,0.5
686,1.0,0.0,0.5,10.0,0.0,0.5,0.5
687,1.0,45.0,1.0,0.5,22.5,1.0,1.0
688,1.0,-45.0,0.0,1.0,45.0,1.0,1.0
689,1.0,0.0,0.5,3.0,45.0,1.0,3.0
690,1.0,-22.5,1.0,6.0,-45.0,1.0,3.0
691,1.0,22.5,0.0,10.0,-45.0,0.0,3.0
692,1.0,-45.0,0.5,0.0,-22.5,0.0,6.0
693,1.0,22.5,1.0,0.5,0.0,0.0,6.0
694,1.0,-22.5,0.0,1.0,0.0,0.5,10.0
695,1.0,45.0,0.5,3.0,22.5,0.5,10.0
696,1.0,-45.0,1.0,6.0,45.0,0.5,0.0
697,1.0,0.0,0.0,0.0,-45.0,0.5,0.0
698,1.0,-22.5,0.5,0.5,-45.0,1.0,0.5
699,1.0,45.0,1.0,1.0,-22.5,1.0,0.5
700,1.0,-22.5,0.0,6.0,0.0,1.0,1.0
701,1.0,22.5,0.5,10.0,0.0,1.0,1.0
702,1.0,0.0,1.0,0.0,22.5,0.0,3.0
703,1.0,45.0,0.0,0.5,45.0,0.0,3.0
704,1.0,-45.0,0.5,3.0,-45.0,0.0,3.0
705,1.0,0.0,1.0,6.0,-45.0,0.5,6.0
706,1.0,-22.5,0.0,10.0,-22.5,0.5,6.0
707,1.0,45.0,0.5,0.0,0.0,0.5,10.0
708,1.0,-45.0,1.0,1.0,22.5,0.5,10.0
709,1.0,22.5,0.0,3.0,22.5,1.0,0.0
710,1.0,0.0,0.5,6.0,45.0,1.0,0.0
711,1.0,45.0,1.0,10.0,-45.0,1.0,0.5
712,1.0,-45.0,0.0,0.5,-22.5,1.0,0.5
713,1.0,22.5,0.5,1.0,-22.5,0.0,1.0
714,1.0,-22.5,1.0,3.0,0.0,0.0,1.0
715,1.0,45.0,0.0,6.0,22.5,0.0,3.0
716,1.0,-22.5,0.5,10.0,22.5,0.0,3.0
717,1.0,22.5,1.0,0.0,45.0,0.5,6.0
718,1.0,0.0,0.0,0.5,-45.0,0.5,6.0
719,1.0,45.0,0.5,1.0,-22.5,0.5,6.0
720,1.0,-45.0,1.0,3.0,-22.5,0.5,10.0
721,1.0,0.0,0.0,6.0,0.0,1.0,10.0
722,1.0,-22.5,0.5,0.0,22.5,1.0,0.0
723,1.0,22.5,1.0,0.5,45.0,1.0,0.0
724,1.0,-45.0,0.0,1.0,45.0,0.0,0.5
725,1.0,22.5,0.5,3.0,-45.0,0.0,0.5
726,1.0,-22.5,1.0,10.0,-22.5,0.0,1.0
727,1.0,45.0,0.0,0.0,-22.5,0.0,1.0
728,1.0,-45.0,0.5,0.5,0.0,0.5,3.0
729,1.0,0.0,1.0,1.0,22.5,0.5,3.0
730,1.0,-22.5,0.0,6.0,45.0,0.5,6.0
731,1.0,45.0,0.5,10.0,45.0,0.5,6.0
732,1.0,-45.0,1.0,0.0,-45.0,1.0,6.0
733,1.0,0.0,0.5,3.0,0.0,1.0,10.0
734,1.0,45.0,1.0,6.0,0.0,0.0,0.0
735,1.0,-45.0,0.0,10.0,22.5,0.0,0.0
736,1.0,0.0,0.5,0.0,45.0,0.0,0.5
737,1.0,-22.5,1.0,1.0,45.0,0.0,0.5
738,1.0,22.5,0.0,3.0,-45.0,0.5,1.0
739,1.0,-45.0,0.5,6.0,-45.0,0.5,1.0
740,1.0,22.5,1.0,10.0,-22.5,0.5,3.0
741,1.0,0.0,0.0,0.0,0.0,0.5,3.0
742,1.0,45.0,0.5,0.5,0.0,1.0,6.0
743,1.0,-45.0,1.0,1.0,22.5,1.0,6.0
744,1.0,0.0,0.0,3.0,45.0,1.0,10.0
745,1.0,-22.5,0.5,6.0,-45.0,0.0,10.0
746,1.0,45.0,1.0,0.0,-45.0,0.0,10.0
747,1.0,-22.5,0.0,0.5,-22.5,0.0,0.0
748,1.0,22.5,0.5,1.0,0.0,0.0,0.0
749,1.0,0.0,1.0,3.0,22.5,0.5,0.5
750,1.0,45.0,0.0,10.0,22.5,0.5,0.5
751,1.0,-45.0,0.5,0.0,45.0,0.5,1.0
752,1.0,0.0,1.0,0.5,-45.0,0.5,1.0
753,1.0,-22.5,0.0,1.0,-45.0,1.0,3.0
754,1.0,22.5,0.5,6.0,-22.5,1.0,3.0
755,1.0,-45.0,1.0,10.0,0.0,1.0,6.0
756,1.0,22.5,0.0,0.0,22.5,0.0,6.0
757,1.0,-22.5,0.5,0.5,22.5,0.0,10.0
758,1.0,45.0,1.0,3.0,45.0,0.0,10.0
759,1.0,-45.0,0.0,6.0,-45.0,0.0,10.0
760,1.0,0.0,0.5,10.0,-22.5,0.5,0.0
761,1.0,-22.5,1.0,0.5,-22.5,0.5,0.0
762,1.0,45.0,0.0,1.0,0.0,0.5,0.0
763,1.0,-22.5,0.5,3.0,22.5,1.0,0.5
764,1.0,22.5,1.0,6.0,22.5,1.0,0.5
765,1.0,0.0,0.0,10.0,45.0,1.0,1.0
766,1.0,45.0,0.5,0.0,-45.0,1.0,1.0
767,1.0,-45.0,1.0,0.5,-22.5,0.0,3.0
768,1.0,0.0,0.0,1.0,-22.5,0.0,3.0
769,1.0,-22.5,0.5,3.0,0.0,0.0,6.0
770,1.0,45.0,1.0,6.0,22.5,0.0,6.0
771,1.0,-45.0,0.0,0.0,45.0,0.5,10.0
772,1.0,22.5,0.5,0.5,45.0,0.5,10.0
773,1.0,0.0,1.0,1.0,-45.0,0.5,0.0
774,1.0,45.0,0.0,3.0,-22.5,1.0,0.0
775,1.0,-45.0,0.5,10.0,-22.5,1.0,0.0
776,1.0,22.5,1.0,0.0,0.0,1.0,0.5
777,1.0,-22.5,0.0,0.5,22.5,1.0,0.5
778,1.0,45.0,0.5,1.0,45.0,0.0,1.0
779,1.0,-22.5,1.0,6.0,45.0,0.0,1.0
780,1.0,0.0,0.5,0.0,-22.5,0.0,3.0
781,1.0,45.0,1.0,1.0,0.0,0.5,6.0
782,1.0,-45.0,0.0,3.0,0.0,0.5,6.0
783,1.0,0.0,0.5,6.0,22.5,0.5,10.0
784,1.0,-22.5,1.0,10.0,45.0,1.0,10.0
785,1.0,22.5,0.0,0.5,45.0,1.0,0.0
786,1.0,-45.0,0.5,1.0,-45.0,1.0,0.0
787,1.0,22.5,1.0,3.0,-45.0,1.0,0.0
788,1.0,-22.5,0.0,6.0,-22.5,0.0,0.5
789,1.0,45.0,0.5,10.0,0.0,0.0,0.5
790,1.0,-45.0,1.0,0.0,0.0,0.0,1.0
791,1.0,0.0,0.0,0.5,22.5,0.0,1.0
792,1.0,-22.5,0.5,1.0,45.0,0.5,3.0
793,1.0,45.0,1.0,3.0,-45.0,0.5,3.0
794,1.0,-45.0,0.0,6.0,-45.0,0.5,6.0
795,1.0,22.5,0.5,0.0,-22.5,1.0,6.0
796,1.0,0.0,1.0,0.5,0.0,1.0,10.0
797,1.0,45.0,0.0,1.0,22.5,1.0,10.0
798,1.0,-45.0,0.5,3.0,22.5,1.0,0.0
799,1.0,0.0,1.0,10.0,45.0,0.0,0.0
800,1.0,-22.5,0.0,0.0,-45.0,0.0,0.5
801,1.0,22.5,0.5,0.5,-45.0,0.0,0.5
802,1.0,-45.0,1.0,3.0,-22.5,0.5,0.5
803,1.0,22.5,0.0,6.0,0.0,0.5,1.0
804,1.0,0.0,0.5,10.0,22.5,0.5,1.0
805,1.0,45.0,1.0,0.0,22.5,0.5,3.0
806,1.0,-45.0,0.0,1.0,45.0,1.0,3.0
807,1.0,22.5,0.5,3.0,-45.0,1.0,6.0
808,1.0,-22.5,1.0,6.0,-22.5,1.0,6.0
809,1.0,45.0,0.0,10.0,-22.5,1.0,10.0
810,1.0,-22.5,0.5,0.5,0.0,0.0,10.0
811,1.0,22.5,1.0,1.0,22.5,0.0,0.0
812,1.0,0.0,0.0,3.0,22.5,0.0,0.0
813,1.0,45.0,0.5,6.0,45.0,0.5,0.5
814,1.0,-45.0,1.0,10.0,-45.0,0.5,0.5
815,1.0,0.0,0.0,0.0,-22.5,0.5,0.5
816,1.0,-22.5,0.5,0.5,-22.5,0.5,1.0
817,1.0,22.5,1.0,1.0,0.0,1.0,1.0
818,1.0,-45.0,0.0,3.0,22.5,1.0,3.0
819,1.0,22.5,0.5,10.0,45.0,1.0,3.0
820,1.0,0.0,1.0,0.0,45.0,1.0,6.0
821,1.0,45.0,0.0,0.5,-45.0,0.0,6.0
822,1.0,-45.0,0.5,1.0,-22.5,0.0,10.0
823,1.0,0.0,1.0,6.0,-22.5,0.0,10.0
824,1.0,-22.5,0.0,10.0,0.0,0.5,0.0
825,1.0,45.0,0.5,0.0,22.5,0.5,0.0
826,1.0,-22.5,1.0,0.5,45.0,0.5,0.5
827,1.0,22.5,0.0,3.0,45.0,0.5,0.5
828,1.0,0.0,0.5,6.0,-45.0,1.0,1.0
829,1.0,45.0,1.0,10.0,-22.5,1.0,1.0
830,1.0,-45.0,0.0,0.0,0.0,1.0,1.0
831,1.0,0.0,0.5,1.0,0.0,1.0,3.0
832,1.0,-22.5,1.0,3.0,22.5,0.0,3.0
833,1.0,45.0,0.0,6.0,45.0,0.0,6.0
834,1.0,-45.0,0.5,10.0,45.0,0.0,6.0
835,1.0,22.5,1.0,0.5,-45.0,0.0,10.0
836,1.0,0.0,0.0,1.0,-45.0,0.5,10.0
837,1.0,45.0,0.5,3.0,-22.5,0.5,0.0
838,1.0,-45.0,1.0,6.0,0.0,0.5,0.0
839,1.0,22.5,0.0,10.0,0.0,0.5,0.5
840,1.0,-22.5,0.5,0.0,22.5,1.0,0.5
841,1.0,45.0,1.0,0.5,45.0,1.0,1.0
842,1.0,-22.5,0.0,1.0,-45.0,1.0,1.0
843,1.0,22.5,0.5,3.0,-45.0,0.0,1.0
844,1.0,0.0,1.0,6.0,-22.5,0.0,3.0
845,1.0,45.0,0.0,0.0,0.0,0.0,3.0
846,1.0,-45.0,0.5,0.5,22.5,0.0,6.0
847,1.0,0.0,1.0,1.0,22.5,0.5,6.0
848,1.0,-22.5,0.0,3.0,45.0,0.5,10.0
849,1.0,22.5,0.5,10.0,-45.0,0.5,10.0
850,1.0,-45.0,1.0,0.0,-45.0,0.5,0.0
851,1.0,22.5,0.0,0.5,-22.5,1.0,0.0
852,1.0,-22.5,0.5,1.0,0.0,1.0,0.5
853,1.0,45.0,1.0,6.0,22.5,1.0,0.5
854,1.0,-45.0,0.0,10.0,22.5,0.0,1.0
855,1.0,0.0,0.5,0.0,45.0,0.0,1.0
856,1.0,-22.5,1.0,0.5,-45.0,0.0,3.0
857,1.0,45.0,0.0,3.0,-22.5,0.0,3.0
858,1.0,-45.0,0.5,6.0,-22.5,0.5,3.0
859,1.0,22.5,1.0,10.0,0.0,0.5,6.0
860,1.0,0.0,0.0,0.0,22.5,0.5,6.0
861,1.0,45.0,0.5,1.0,22.5,0.5,10.0
862,1.0,-45.0,1.0,3.0,45.0,1.0,10.0
863,1.0,0.0,0.0,6.0,-45.0,1.0,0.0
864,1.0,-22.5,0.5,10.0,-22.5,1.0,0.0
865,1.0,22.5,1.0,0.0,-22.5,0.0,0.5
866,1.0,-45.0,0.0,0.5,0.0,0.0,0.5
867,1.0,22.5,0.5,1.0,22.5,0.0,1.0
868,1.0,0.0,1.0,3.0,45.0,0.0,1.0
869,1.0,45.0,0.0,6.0,45.0,0.5,3.0
870,1.0,-45.0,0.5,0.0,-45.0,0.5,3.0
871,1.0,0.0,1.0,0.5,-22.5,0.5,3.0
872,1.0,-22.5,0.0,1.0,0.0,0.5,6.0
873,1.0,45.0,0.5,3.0,0.0,1.0,6.0
874,1.0,-22.5,1.0,10.0,22.5,1.0,10.0
875,1.0,22.5,0.0,0.0,45.0,1.0,10.0
876,1.0,0.0,0.5,0.5,45.0,0.0,0.0
877,1.0,45.0,1.0,1.0,-45.0,0.0,0.0
878,1.0,-45.0,0.0,6.0,-22.5,0.0,0.5
879,1.0,0.0,0.5,10.0,0.0,0.0,0.5
880,1.0,-22.5,1.0,0.0,0.0,0.5,1.0
881,1.0,22.5,0.0,0.5,22.5,0.5,1.0
882,1.0,-45.0,0.5,3.0,45.0,0.5,3.0
883,1.0,22.5,1.0,6.0,45.0,1.0,3.0
884,1.0,-22.5,0.0,10.0,-45.0,1.0,6.0
885,1.0,45.0,0.5,0.5,-45.0,1.0,6.0
886,1.0,-45.0,1.0,1.0,-22.5,1.0,6.0
887,1.0,0.0,0.0,3.0,0.0,0.0,10.0
888,1.0,-22.5,0.5,6.0,0.0,0.0,10.0
889,1.0,45.0,1.0,10.0,22.5,0.0,0.0
890,1.0,-22.5,0.0,0.0,45.0,0.0,0.0
891,1.0,22.5,0.5,0.5,-45.0,0.5,0.5
892,1.0,0.0,1.0,1.0,-45.0,0.5,0.5
893,1.0,45.0,0.0,3.0,-22.5,0.5,1.0
894,1.0,-45.0,0.5,6.0,0.0,1.0,1.0
895,1.0,0.0,1.0,0.0,22.5,1.0,3.0
896,1.0,-22.5,0.0,0.5,22.5,1.0,3.0
897,1.0,22.5,0.5,1.0,45.0,1.0,6.0
898,1.0,-45.0,1.0,3.0,-45.0,0.0,6.0
899,1.0,22.5,0.0,10.0,-22.5,0.0,6.0
900,1.0,0.0,0.5,0.0,-22.5,0.0,10.0
901,1.0,-45.0,0.0,1.0,22.5,0.5,0.0
902,1.0,22.5,0.5,6.0,22.5,0.5,0.0
903,1.0,-22.5,1.0,10.0,45.0,0.5,0.5
904,1.0,45.0,0.0,0.0,-45.0,1.0,0.5
905,1.0,-22.5,0.5,1.0,-22.5,1.0,1.0
906,1.0,22.5,1.0,3.0,-22.5,1.0,1.0
907,1.0,0.0,0.0,6.0,0.0,1.0,3.0
908,1.0,45.0,0.5,10.0,22.5,0.0,3.0
909,1.0,-45.0,1.0,0.5,22.5,0.0,6.0
910,1.0,0.0,0.0,1.0,45.0,0.0,6.0
911,1.0,-22.5,0.5,3.0,-45.0,0.0,10.0
912,1.0,22.5,1.0,6.0,-22.5,0.5,10.0
913,1.0,-45.0,0.0,10.0,-22.5,0.5,10.0
914,1.0,22.5,0.5,0.0,0.0,0.5,0.0
915,1.0,-22.5,1.0,0.5,22.5,1.0,0.0
916,1.0,45.0,0.0,1.0,45.0,1.0,0.5
917,1.0,-45.0,0.5,3.0,45.0,1.0,0.5
918,1.0,0.0,1.0,6.0,-45.0,1.0,1.0
919,1.0,-22.5,0.0,0.0,-22.5,0.0,1.0
920,1.0,45.0,0.5,0.5,0.0,0.0,3.0
921,1.0,-45.0,1.0,1.0,0.0,0.0,3.0
922,1.0,22.5,0.0,6.0,22.5,0.5,6.0
923,1.0,0.0,0.5,10.0,45.0,0.5,6.0
924,1.0,45.0,1.0,0.0,45.0,0.5,10.0
925,1.0,-45.0,0.0,0.5,-45.0,0.5,10.0
926,1.0,0.0,0.5,3.0,-22.5,1.0,10.0
927,1.0,-22.5,1.0,6.0,0.0,1.0,0.0
928,1.0,22.5,0.0,10.0,0.0,1.0,0.0
929,1.0,-45.0,0.5,0.0,22.5,1.0,0.0
930,1.0,22.5,1.0,1.0,45.0,0.0,0.5
931,1.0,0.0,0.0,3.0,45.0,0.0,0.5
932,1.0,45.0,0.5,6.0,-45.0,0.0,1.0
933,1.0,-45.0,1.0,10.0,-45.0,0.5,1.0
934,1.0,22.5,0.0,0.5,-22.5,0.5,3.0
935,1.0,-22.5,0.5,1.0,0.0,0.5,3.0
936,1.0,45.0,1.0,3.0,0.0,0.5,6.0
937,1.0,-22.5,0.0,6.0,22.5,1.0,6.0
938,1.0,22.5,0.5,10.0,45.0,1.0,10.0
939,1.0,0.0,1.0,0.0,-45.0,1.0,10.0
940,1.0,45.0,0.0,0.5,-45.0,1.0,0.0
941,1.0,-45.0,0.5,1.0,-22.5,0.0,0.0
942,1.0,0.0,1.0,3.0,0.0,0.0,0.0
943,1.0,-22.5,0.0,10.0,0.0,0.0,0.5
944,1.0,22.5,0.5,0.0,22.5,0.5,0.5
945,1.0,-45.0,1.0,0.5,45.0,0.5,1.0
946,1.0,22.5,0.0,1.0,-45.0,0.5,1.0
947,1.0,0.0,0.5,6.0,-45.0,0.5,3.0
948,1.0,45.0,1.0,10.0,-22.5,1.0,3.0
949,1.0,-45.0,0.0,0.0,0.0,1.0,6.0
950,1.0,0.0,0.5,0.5,22.5,1.0,6.0
951,1.0,-22.5,1.0,3.0,22.5,1.0,10.0
952,1.0,45.0,0.0,6.0,45.0,0.0,10.0
953,1.0,-22.5,0.5,10.0,-45.0,0.0,0.0
954,1.0,22.5,1.0,0.0,-22.5,0.0,0.0
955,1.0,0.0,0.0,1.0,-22.5,0.0,0.0
956,1.0,45.0,0.5,3.0,0.0,0.5,0.5
957,1.0,-45.0,1.0,6.0,22.5,0.5,0.5
958,1.0,0.0,0.0,10.0,22.5,0.5,1.0
959,1.0,-22.5,0.5,0.5,45.0,0.5,1.0
960,1.0,45.0,1.0,1.0,-45.0,1.0,3.0
961,1.0,-45.0,0.0,3.0,-22.5,1.0,3.0
962,1.0,22.5,0.5,6.0,-22.5,1.0,6.0
963,1.0,0.0,1.0,10.0,0.0,0.0,6.0
964,1.0,45.0,0.0,0.0,22.5,0.0,10.0
965,1.0,-45.0,0.5,0.5,22.5,0.0,10.0
966,1.0,22.5,1.0,1.0,45.0,0.0,0.0
967,1.0,-22.5,0.0,3.0,-45.0,0.5,0.0
968,1.0,45.0,0.5,6.0,-22.5,0.5,0.5
969,1.0,-22.5,1.0,0.0,-22.5,0.5,0.5
970,1.0,22.5,0.0,0.5,0.0,0.5,0.5
971,1.0,0.0,0.5,1.0,22.5,1.0,1.0
972,1.0,45.0,1.0,3.0,45.0,1.0,1.0
973,1.0,-45.0,0.0,10.0,45.0,1.0,3.0
974,1.0,0.0,0.5,0.0,-45.0,0.0,3.0
975,1.0,-22.5,1.0,0.5,-22.5,0.0,6.0
976,1.0,22.5,0.0,1.0,0.0,0.0,6.0
977,1.0,-45.0,0.5,6.0,0.0,0.0,10.0
978,1.0,22.5,1.0,10.0,22.5,0.5,10.0
979,1.0,-22.5,0.0,0.0,45.0,0.5,0.0
980,1.0,45.0,0.5,0.5,45.0,0.5,0.0
981,1.0,-45.0,1.0,3.0,-45.0,0.5,0.5
982,1.0,0.0,0.0,6.0,-45.0,1.0,0.5
983,1.0,-22.5,0.5,10.0,-22.5,1.0,0.5
984,1.0,45.0,1.0,0.0,0.0,1.0,1.0
985,1.0,-45.0,0.0,1.0,0.0,0.0,1.0
986,1.0,22.5,0.5,3.0,22.5,0.0,3.0
987,1.0,0.0,1.0,6.0,45.0,0.0,3.0
988,1.0,45.0,0.0,10.0,-45.0,0.0,6.0
989,1.0,-45.0,0.5,0.0,-45.0,0.5,6.0
990,1.0,0.0,1.0,0.5,-22.5,0.5,10.0
991,1.0,22.5,0.5,3.0,0.0,0.5,0.0
992,1.0,-45.0,1.0,6.0,22.5,1.0,0.0
993,1.0,22.5,0.0,0.0,45.0,1.0,0.5
994,1.0,0.0,0.5,0.5,-45.0,1.0,0.5
995,1.0,45.0,1.0,1.0,-45.0,0.0,1.0
996,1.0,-45.0,0.0,3.0,-22.5,0.0,1.0
997,1.0,0.0,0.5,10.0,0.0,0.0,1.0
998,1.0,-22.5,1.0,0.0,22.5,0.0,3.0
999,1.0,45.0,0.0,0.5,22.5,0.5,3.0
1000,1.0,-22.5,0.5,1.0,45.0,0.5,6.0
1001,1.0,22.5,1.0,6.0,-45.0,0.5,6.0
1002,1.0,0.0,0.0,10.0,-22.5,1.0,10.0
1003,1.0,45.0,0.5,0.0,-22.5,1.0,10.0
1004,1.0,-45.0,1.0,0.5,0.0,1.0,0.0
1005,1.0,0.0,0.0,3.0,22.5,1.0,0.0
1006,1.0,-22.5,0.5,6.0,22.5,0.0,0.5
1007,1.0,22.5,1.0,10.0,45.0,0.0,0.5
1008,1.0,-45.0,0.0,0.5,-45.0,0.0,1.0
1009,1.0,-22.5,1.0,3.0,-22.5,0.5,1.0
1010,1.0,45.0,0.0,6.0,0.0,0.5,3.0
1011,1.0,-45.0,0.5,10.0,22.5,0.5,3.0
1012,1.0,0.0,1.0,0.0,22.5,1.0,6.0
1013,1.0,-22.5,0.0,0.5,45.0,1.0,6.0
1014,1.0,45.0,0.5,1.0,-45.0,1.0,10.0
1015,1.0,-22.5,1.0,3.0,-22.5,1.0,10.0
1016,1.0,22.5,0.0,6.0,-22.5,0.0,0.0
1017,1.0,0.0,0.5,0.0,0.0,0.0,0.0
1018,1.0,45.0,1.0,0.5,22.5,0.0,0.5
1019,1.0,0.0,0.5,3.0,45.0,0.5,1.0
1020,1.0,-22.5,1.0,10.0,-45.0,0.5,1.0
1021,1.0,45.0,0.0,0.0,-22.5,0.5,3.0
1022,1.0,-45.0,0.5,0.5,0.0,1.0,3.0
1023,1.0,22.5,1.0,3.0,0.0,1.0,3.0
1024,1.0,0.0,0.0,6.0,22.5,1.0,6.0
1025,1.0,45.0,0.5,10.0,45.0,1.0,6.0
1026,1.0,-45.0,1.0,0.0,45.0,0.0,10.0
1027,1.0,22.5,0.0,1.0,-45.0,0.0,10.0
1028,1.0,-22.5,0.5,3.0,-45.0,0.0,0.0
1029,1.0,45.0,1.0,6.0,-22.5,0.0,0.0
1030,1.0,-22.5,0.0,10.0,0.0,0.5,0.5
1031,1.0,22.5,0.5,0.5,0.0,0.5,0.5
1032,1.0,0.0,1.0,1.0,22.5,0.5,1.0
1033,1.0,45.0,0.0,3.0,45.0,1.0,1.0
1034,1.0,-45.0,0.5,6.0,-45.0,1.0,3.0
1035,1.0,0.0,1.0,10.0,-45.0,1.0,3.0
1036,1.0,-22.5,0.0,0.0,-22.5,1.0,3.0
1037,1.0,22.5,0.5,0.5,0.0,0.0,6.0
1038,1.0,-45.0,1.0,1.0,0.0,0.0,6.0
1039,1.0,22.5,0.0,3.0,22.5,0.0,10.0
1040,1.0,-22.5,0.5,6.0,45.0,0.5,10.0
1041,1.0,45.0,1.0,0.0,-45.0,0.5,0.0
1042,1.0,-45.0,0.0,0.5,-45.0,0.5,0.0
1043,1.0,0.0,0.5,1.0,-22.5,0.5,0.5
1044,1.0,-22.5,1.0,6.0,0.0,1.0,0.5
1045,1.0,45.0,0.0,10.0,22.5,1.0,1.0
1046,1.0,-22.5,0.5,0.0,22.5,1.0,1.0
1047,1.0,22.5,1.0,0.5,45.0,1.0,3.0
1048,1.0,0.0,0.0,3.0,-45.0,0.0,3.0
1049,1.0,45.0,0.5,6.0,-22.5,0.0,6.0
1050,1.0,-45.0,1.0,10.0,-22.5,0.0,6.0
1051,1.0,0.0,0.0,0.0,0.0,0.5,6.0
1052,1.0,-22.5,0.5,1.0,22.5,0.5,10.0
1053,1.0,22.5,1.0,3.0,22.5,0.5,10.0
1054,1.0,-45.0,0.0,6.0,45.0,0.5,0.0
1055,1.0,22.5,0.5,10.0,-45.0,1.0,0.0
1056,1.0,0.0,1.0,0.5,-22.5,1.0,0.5
1057,1.0,45.0,0.0,1.0,-22.5,1.0,0.5
1058,1.0,-45.0,0.5,3.0,0.0,1.0,1.0
1059,1.0,22.5,1.0,6.0,22.5,0.0,1.0
1060,1.0,-22.5,0.0,10.0,45.0,0.0,3.0
1061,1.0,45.0,0.5,0.0,45.0,0.0,3.0
1062,1.0,-22.5,1.0,0.5,-45.0,0.5,6.0
1063,1.0,22.5,0.0,1.0,-22.5,0.5,6.0
1064,1.0,0.0,0.5,3.0,-22.5,0.5,6.0
1065,1.0,45.0,1.0,10.0,0.0,0.5,10.0
1066,1.0,-45.0,0.0,0.0,22.5,1.0,10.0
1067,1.0,0.0,0.5,0.5,45.0,1.0,0.0
1068,1.0,-22.5,1.0,1.0,45.0,1.0,0.0
1069,1.0,22.5,0.0,6.0,-45.0,1.0,0.5
1070,1.0,-45.0,0.5,10.0,-22.5,0.0,0.5
1071,1.0,22.5,1.0,0.0,0.0,0.0,1.0
1072,1.0,0.0,0.0,0.5,0.0,0.0,1.0
1073,1.0,45.0,0.5,3.0,22.5,0.0,3.0
1074,1.0,-45.0,1.0,6.0,45.0,0.5,3.0
1075,1.0,0.0,0.0,10.0,45.0,0.5,6.0
1076,1.0,-22.5,0.5,0.0,-45.0,0.5,6.0
1077,1.0,45.0,1.0,1.0,-45.0,0.5,10.0
1078,1.0,-22.5,0.0,3.0,-22.5,1.0,10.0
1079,1.0,22.5,0.5,6.0,0.0,1.0,10.0
1080,1.0,0.0,1.0,10.0,0.0,1.0,0.0
1081,1.0,45.0,0.0,0.5,22.5,0.0,0.0
1082,1.0,-45.0,0.5,1.0,45.0,0.0,0.5
1083,1.0,0.0,1.0,3.0,-45.0,0.0,0.5
1084,1.0,-22.5,0.0,6.0,-45.0,0.0,1.0
1085,1.0,45.0,0.5,10.0,-22.5,0.5,1.0
1086,1.0,-45.0,1.0,0.0,0.0,0.5,3.0
1087,1.0,22.5,0.0,0.5,22.5,0.5,3.0
1088,1.0,0.0,0.5,1.0,22.5,0.5,6.0
1089,1.0,45.0,1.0,3.0,45.0,1.0,6.0
1090,1.0,-45.0,0.0,6.0,-45.0,1.0,10.0
1091,1.0,22.5,0.5,0.0,-45.0,1.0,10.0
1092,1.0,-22.5,1.0,0.5,-22.5,0.0,10.0
1093,1.0,45.0,0.0,1.0,0.0,0.0,0.0
1094,1.0,-22.5,0.5,3.0,22.5,0.0,0.0
1095,1.0,22.5,1.0,10.0,22.5,0.0,0.0
1096,1.0,0.0,0.0,0.0,45.0,0.5,0.5
1097,1.0,45.0,0.5,0.5,-45.0,0.5,0.5
1098,1.0,-45.0,1.0,1.0,-22.5,0.5,1.0
1099,1.0,0.0,0.0,6.0,-22.5,0.5,1.0
1100,1.0,-22.5,0.5,10.0,0.0,1.0,3.0
1101,1.0,22.5,1.0,0.0,22.5,1.0,3.0
1102,1.0,-45.0,0.0,0.5,22.5,1.0,6.0
1103,1.0,22.5,0.5,3.0,45.0,0.0,6.0
1104,1.0,-22.5,1.0,6.0,-45.0,0.0,10.0
1105,1.0,45.0,0.0,10.0,-22.5,0.0,10.0
1106,1.0,-45.0,0.5,0.0,-22.5,0.0,0.0
1107,1.0,0.0,1.0,1.0,0.0,0.5,0.0
1108,1.0,-22.5,0.0,3.0,22.5,0.5,0.0
1109,1.0,-45.0,1.0,10.0,45.0,0.5,0.5
1110,1.0,22.5,0.0,0.0,-45.0,1.0,1.0
1111,1.0,0.0,0.5,0.5,-22.5,1.0,1.0
1112,1.0,45.0,1.0,1.0,-22.5,1.0,3.0
1113,1.0,-45.0,0.0,3.0,0.0,0.0,3.0
1114,1.0,0.0,0.5,6.0,22.5,0.0,6.0
1115,1.0,-22.5,1.0,0.0,45.0,0.0,6.0
1116,1.0,22.5,0.0,0.5,45.0,0.0,10.0
1117,1.0,-45.0,0.5,1.0,-45.0,0.5,10.0
1118,1.0,22.5,1.0,3.0,-22.5,0.5,0.0
1119,1.0,0.0,0.0,10.0,0.0,0.5,0.0
1120,1.0,45.0,0.5,0.0,0.0,1.0,0.5
1121,1.0,-45.0,1.0,0.5,22.5,1.0,0.5
1122,1.0,0.0,0.0,1.0,45.0,1.0,0.5
1123,1.0,-22.5,0.5,6.0,45.0,1.0,1.0
1124,1.0,45.0,1.0,10.0,-45.0,0.0,1.0
1125,1.0,-22.5,0.0,0.0,-45.0,0.0,3.0
1126,1.0,22.5,0.5,1.0,-22.5,0.0,3.0
1127,1.0,0.0,1.0,3.0,0.0,0.0,6.0
1128,1.0,45.0,0.0,6.0,0.0,0.5,6.0
1129,1.0,-45.0,0.5,10.0,22.5,0.5,10.0
1130,1.0,0.0,1.0,0.5,45.0,0.5,10.0
1131,1.0,-22.5,0.0,1.0,-45.0,1.0,0.0
1132,1.0,22.5,0.5,3.0,-45.0,1.0,0.0
1133,1.0,-45.0,1.0,6.0,-22.5,1.0,0.5
1134,1.0,22.5,0.0,10.0,0.0,1.0,0.5
1135,1.0,-22.5,0.5,0.0,22.5,0.0,0.5
1136,1.0,45.0,1.0,0.5,22.5,0.0,1.0
1137,1.0,-45.0,0.0,1.0,45.0,0.0,1.0
1138,1.0,0.0,0.5,3.0,-45.0,0.0,3.0
1139,1.0,-22.5,1.0,6.0,-45.0,0.5,3.0
1140,1.0,45.0,0.0,0.0,-22.5,0.5,6.0
1141,1.0,-22.5,0.5,0.5,0.0,0.5,6.0
1142,1.0,22.5,1.0,1.0,22.5,1.0,10.0
1143,1.0,0.0,0.0,3.0,22.5,1.0,10.0
1144,1.0,45.0,0.5,10.0,45.0,1.0,0.0
1145,1.0,-45.0,1.0,0.0,-45.0,1.0,0.0
1146,1.0,0.0,0.0,0.5,-22.5,0.0,0.5
1147,1.0,-22.5,0.5,3.0,-22.5,0.0,0.5
1148,1.0,22.5,1.0,6.0,0.0,0.0,0.5
1149,1.0,-45.0,0.0,10.0,22.5,0.5,1.0
1150,1.0,22.5,0.5,0.0,22.5,0.5,1.0
1151,1.0,0.0,1.0,1.0,45.0,0.5,3.0
1152,1.0,45.0,0.0,3.0,-45.0,0.5,3.0
1153,1.0,-45.0,0.5,6.0,-22.5,1.0,6.0
1154,1.0,22.5,1.0,10.0,-22.5,1.0,6.0
1155,1.0,-22.5,0.0,0.5,0.0,1.0,10.0
1156,1.0,45.0,0.5,1.0,22.5,1.0,10.0
1157,1.0,-22.5,1.0,3.0,45.0,0.0,0.0
1158,1.0,22.5,0.0,6.0,45.0,0.0,0.0
1159,1.0,0.0,0.5,10.0,-45.0,0.0,0.5
1160,1.0,45.0,1.0,0.0,-22.5,0.5,0.5
1161,1.0,-45.0,0.0,0.5,-22.5,0.5,1.0
1162,1.0,0.0,0.5,1.0,0.0,0.5,1.0
1163,1.0,-22.5,1.0,3.0,22.5,0.5,1.0
1164,1.0,22.5,0.0,6.0,45.0,1.0,3.0
1165,1.0,-45.0,0.5,0.0,45.0,1.0,3.0
1166,1.0,22.5,1.0,0.5,-45.0,1.0,6.0
1167,1.0,-22.5,0.0,1.0,-22.5,1.0,6.0
1168,1.0,45.0,0.5,6.0,0.0,0.0,10.0
1169,1.0,-45.0,1.0,10.0,0.0,0.0,10.0
1170,1.0,0.0,0.0,0.0,22.5,0.0,0.0
1171,1.0,-22.5,0.5,0.5,45.0,0.5,0.0
1172,1.0,45.0,1.0,3.0,45.0,0.5,0.5
1173,1.0,-45.0,0.0,6.0,-45.0,0.5,0.5
1174,1.0,22.5,0.5,10.0,-45.0,0.5,1.0
1175,1.0,0.0,1.0,0.0,-22.5,1.0,1.0
1176,1.0,45.0,0.0,1.0,0.0,1.0,1.0
1177,1.0,-45.0,0.5,3.0,0.0,1.0,3.0
1178,1.0,0.0,1.0,6.0,22.5,1.0,3.0
1179,1.0,-22.5,0.0,10.0,45.0,0.0,6.0
1180,1.0,22.5,0.5,0.5,-45.0,0.0,6.0
1181,1.0,-45.0,1.0,1.0,-45.0,0.0,10.0
1182,1.0,22.5,0.0,3.0,-22.5,0.5,10.0
1183,1.0,0.0,0.5,6.0,0.0,0.5,0.0
1184,1.0,45.0,1.0,10.0,22.5,0.5,0.0
1185,1.0,-45.0,0.0,0.0,22.5,0.5,0.5
1186,1.5,0.0,0.5,0.5,-45.0,0.0,0.0
1187,1.5,-22.5,1.0,1.0,-22.5,0.0,0.0
1188,1.5,22.5,0.0,3.0,0.0,0.0,0.5
1189,1.5,-45.0,0.5,6.0,0.0,0.5,0.5
1190,1.5,22.5,1.0,0.0,22.5,0.5,1.0
1191,1.5,-22.5,0.0,0.5,45.0,0.5,1.0
1192,1.5,45.0,0.5,1.0,-45.0,0.5,3.0
1193,1.5,-45.0,1.0,3.0,-45.0,1.0,3.0
1194,1.5,0.0,0.0,10.0,-22.5,1.0,6.0
1195,1.5,-22.5,0.5,0.0,0.0,1.0,6.0
1196,1.5,45.0,1.0,0.5,0.0,0.0,10.0
1197,1.5,-45.0,0.0,1.0,22.5,0.0,10.0
1198,1.5,22.5,0.5,6.0,45.0,0.0,0.0
1199,1.5,0.0,1.0,10.0,-45.0,0.0,0.0
1200,1.5,45.0,0.0,0.0,-45.0,0.5,0.0
1201,1.5,-45.0,0.5,0.5,-22.5,0.5,0.5
1202,1.5,0.0,1.0,3.0,0.0,0.5,0.5
1203,1.5,-22.5,0.0,6.0,22.5,0.5,1.0
1204,1.5,22.5,0.5,10.0,22.5,1.0,1.0
1205,1.5,-45.0,1.0,0.0,45.0,1.0,3.0
1206,1.5,22.5,0.0,1.0,-45.0,1.0,3.0
1207,1.5,0.0,0.5,3.0,-22.5,0.0,6.0
1208,1.5,45.0,1.0,6.0,-22.5,0.0,6.0
1209,1.5,-45.0,0.0,10.0,0.0,0.0,10.0
1210,1.5,0.0,0.5,0.0,22.5,0.0,10.0
1211,1.5,-22.5,1.0,0.5,22.5,0.5,0.0
1212,1.5,45.0,0.0,1.0,45.0,0.5,0.0
1213,1.5,-22.5,0.5,3.0,-45.0,0.5,0.0
1214,1.5,22.5,1.0,6.0,-22.5,0.5,0.5
1215,1.5,0.0,0.0,0.0,-22.5,1.0,0.5
1216,1.5,45.0,0.5,0.5,0.0,1.0,1.0
1217,1.5,-45.0,1.0,1.0,22.5,1.0,1.0
1218,1.5,0.0,0.0,3.0,22.5,0.0,3.0
1219,1.5,-22.5,0.5,10.0,45.0,0.0,3.0
1220,1.5,22.5,1.0,0.0,-45.0,0.0,6.0
1221,1.5,-45.0,0.0,0.5,-22.5,0.0,6.0
1222,1.5,22.5,0.5,1.0,-22.5,0.5,10.0
1223,1.5,-22.5,1.0,6.0,0.0,0.5,10.0
1224,1.5,45.0,0.0,10.0,22.5,0.5,0.0
1225,1.5,-45.0,0.5,0.0,45.0,0.5,0.0
1226,1.5,0.0,1.0,0.5,45.0,1.0,0.5
1227,1.5,-22.5,0.0,3.0,-45.0,1.0,0.5
1228,1.5,45.0,0.5,6.0,-22.5,1.0,0.5
1229,1.5,-22.5,1.0,10.0,0.0,0.0,1.0
1230,1.5,22.5,0.0,0.5,0.0,0.0,1.0
1231,1.5,0.0,0.5,1.0,22.5,0.0,3.0
1232,1.5,45.0,1.0,3.0,45.0,0.0,3.0
1233,1.5,-45.0,0.0,6.0,45.0,0.5,6.0
1234,1.5,0.0,0.5,10.0,-45.0,0.5,6.0
1235,1.5,-22.5,1.0,0.0,-45.0,0.5,10.0
1236,1.5,22.5,0.0,0.5,-22.5,1.0,10.0
1237,1.5,-45.0,0.5,1.0,0.0,1.0,0.0
1238,1.5,22.5,1.0,3.0,0.0,1.0,0.0
1239,1.5,0.0,0.0,6.0,22.5,1.0,0.5
1240,1.5,45.0,0.5,0.0,45.0,0.0,0.5
1241,1.5,-45.0,1.0,0.5,-45.0,0.0,0.5
1242,1.5,22.5,0.0,1.0,-45.0,0.0,1.0
1243,1.5,-22.5,0.5,3.0,-22.5,0.0,1.0
1244,1.5,45.0,1.0,10.0,0.0,0.5,3.0
1245,1.5,-22.5,0.0,0.0,0.0,0.5,3.0
1246,1.5,22.5,0.5,0.5,22.5,0.5,6.0
1247,1.5,0.0,1.0,1.0,45.0,1.0,6.0
1248,1.5,45.0,0.0,6.0,-45.0,1.0,10.0
1249,1.5,-45.0,0.5,10.0,-45.0,1.0,10.0
1250,1.5,0.0,1.0,0.0,-22.5,1.0,0.0
1251,1.5,-22.5,0.0,1.0,0.0,0.0,0.0
1252,1.5,22.5,0.5,3.0,22.5,0.0,0.5
1253,1.5,-45.0,1.0,6.0,22.5,0.0,0.5
1254,1.5,22.5,0.0,10.0,45.0,0.0,1.0
1255,1.5,-22.5,0.5,0.5,-45.0,0.5,1.0
1256,1.5,45.0,1.0,1.0,-22.5,0.5,1.0
1257,1.5,-45.0,0.0,3.0,-22.5,0.5,3.0
1258,1.5,0.0,0.5,6.0,0.0,1.0,3.0
1259,1.5,-22.5,1.0,10.0,22.5,1.0,6.0
1260,1.5,45.0,0.0,0.0,22.5,1.0,6.0
1261,1.5,-45.0,0.5,0.5,45.0,1.0,10.0
1262,1.5,22.5,1.0,1.0,-45.0,0.0,10.0
1263,1.5,0.0,0.0,3.0,-22.5,0.0,0.0
1264,1.5,45.0,0.5,6.0,-22.5,0.0,0.0
1265,1.5,-45.0,1.0,0.0,0.0,0.0,0.5
1266,1.5,0.0,0.0,0.5,22.5,0.5,0.5
1267,1.5,-22.5,0.5,1.0,22.5,0.5,1.0
1268,1.5,22.5,1.0,3.0,45.0,0.5,1.0
1269,1.5,-45.0,0.0,10.0,-45.0,1.0,1.0
1270,1.5,22.5,0.5,0.0,-22.5,1.0,3.0
1271,1.5,0.0,1.0,0.5,-22.5,1.0,3.0
1272,1.5,45.0,0.0,3.0,0.0,1.0,6.0
1273,1.5,-45.0,0.5,6.0,22.5,0.0,6.0
1274,1.5,22.5,1.0,10.0,45.0,0.0,10.0
1275,1.5,-22.5,0.0,0.0,45.0,0.0,10.0
1276,1.5,45.0,0.5,1.0,-45.0,0.5,0.0
1277,1.5,-22.5,1.0,3.0,-22.5,0.5,0.0
1278,1.5,22.5,0.0,6.0,0.0,0.5,0.5
1279,1.5,0.0,0.5,10.0,0.0,0.5,0.5
1280,1.5,45.0,1.0,0.5,22.5,1.0,1.0
1281,1.5,-45.0,0.0,1.0,45.0,1.0,1.0
1282,1.5,0.0,0.5,3.0,45.0,1.0,3.0
1283,1.5,-22.5,1.0,6.0,-45.0,1.0,3.0
1284,1.5,22.5,0.0,10.0,-45.0,0.0,3.0
1285,1.5,-45.0,0.5,0.0,-22.5,0.0,6.0
1286,1.5,22.5,1.0,0.5,0.0,0.0,6.0
1287,1.5,-22.5,0.0,1.0,0.0,0.5,10.0
1288,1.5,45.0,0.5,3.0,22.5,0.5,10.0
1289,1.5,-45.0,1.0,6.0,45.0,0.5,0.0
1290,1.5,0.0,0.0,0.0,-45.0,0.5,0.0
1291,1.5,-22.5,0.5,0.5,-45.0,1.0,0.5
1292,1.5,45.0,1.0,1.0,-22.5,1.0,0.5
1293,1.5,-22.5,0.0,6.0,0.0,1.0,1.0
1294,1.5,22.5,0.5,10.0,0.0,1.0,1.0
1295,1.5,0.0,1.0,0.0,22.5,0.0,3.0
1296,1.5,45.0,0.0,0.5,45.0,0.0,3.0
1297,1.5,-45.0,0.5,3.0,-45.0,0.0,3.0
1298,1.5,0.0,1.0,6.0,-45.0,0.5,6.0
1299,1.5,-22.5,0.0,10.0,-22.5,0.5,6.0
1300,1.5,45.0,0.5,0.0,0.0,0.5,10.0
1301,1.5,-45.0,1.0,1.0,22.5,0.5,10.0
1302,1.5,22.5,0.0,3.0,22.5,1.0,0.0
1303,1.5,0.0,0.5,6.0,45.0,1.0,0.0
1304,1.5,45.0,1.0,10.0,-45.0,1.0,0.5
1305,1.5,-45.0,0.0,0.5,-22.5,1.0,0.5
1306,1.5,22.5,0.5,1.0,-22.5,0.0,1.0
1307,1.5,-22.5,1.0,3.0,0.0,0.0,1.0
1308,1.5,45.0,0.0,6.0,22.5,0.0,3.0
1309,1.5,-22.5,0.5,10.0,22.5,0.0,3.0
1310,1.5,22.5,1.0,0.0,45.0,0.5,6.0
1311,1.5,0.0,0.0,0.5,-45.0,0.5,6.0
1312,1.5,45.0,0.5,1.0,-22.5,0.5,6.0
1313,1.5,-45.0,1.0,3.0,-22.5,0.5,10.0
1314,1.5,0.0,0.0,6.0,0.0,1.0,10.0
1315,1.5,-22.5,0.5,0.0,22.5,1.0,0.0
1316,1.5,22.5,1.0,0.5,45.0,1.0,0.0
1317,1.5,-45.0,0.0,1.0,45.0,0.0,0.5
1318,1.5,22.5,0.5,3.0,-45.0,0.0,0.5
1319,1.5,-22.5,1.0,10.0,-22.5,0.0,1.0
1320,1.5,45.0,0.0,0.0,-22.5,0.0,1.0
1321,1.5,-45.0,0.5,0.5,0.0,0.5,3.0
1322,1.5,0.0,1.0,1.0,22.5,0.5,3.0
1323,1.5,-22.5,0.0,6.0,45.0,0.5,6.0
1324,1.5,45.0,0.5,10.0,45.0,0.5,6.0
1325,1.5,-45.0,1.0,0.0,-45.0,1.0,6.0
1326,1.5,0.0,0.5,3.0,0.0,1.0,10.0
1327,1.5,45.0,1.0,6.0,0.0,0.0,0.0
1328,1.5,-45.0,0.0,10.0,22.5,0.0,0.0
1329,1.5,0.0,0.5,0.0,45.0,0.0,0.5
1330,1.5,-22.5,1.0,1.0,45.0,0.0,0.5
1331,1.5,22.5,0.0,3.0,-45.0,0.5,1.0
1332,1.5,-45.0,0.5,6.0,-45.0,0.5,1.0
1333,1.5,22.5,1.0,10.0,-22.5,0.5,3.0
1334,1.5,0.0,0.0,0.0,0.0,0.5,3.0
1335,1.5,45.0,0.5,0.5,0.0,1.0,6.0
1336,1.5,-45.0,1.0,1.0,22.5,1.0,6.0
1337,1.5,0.0,0.0,3.0,45.0,1.0,10.0
1338,1.5,-22.5,0.5,6.0,-45.0,0.0,10.0
1339,1.5,45.0,1.0,0.0,-45.0,0.0,10.0
1340,1.5,-22.5,0.0,0.5,-22.5,0.0,0.0
1341,1.5,22.5,0.5,1.0,0.0,0.0,0.0
1342,1.5,0.0,1.0,3.0,22.5,0.5,0.5
1343,1.5,45.0,0.0,10.0,22.5,0.5,0.5
1344,1.5,-45.0,0.5,0.0,45.0,0.5,1.0
1345,1.5,0.0,1.0,0.5,-45.0,0.5,1.0
1346,1.5,-22.5,0.0,1.0,-45.0,1.0,3.0
1347,1.5,22.5,0.5,6.0,-22.5,1.0,3.0
1348,1.5,-45.0,1.0,10.0,0.0,1.0,6.0
1349,1.5,22.5,0.0,0.0,22.5,0.0,6.0
1350,1.5,-22.5,0.5,0.5,22.5,0.0,10.0
1351,1.5,45.0,1.0,3.0,45.0,0.0,10.0
1352,1.5,-45.0,0.0,6.0,-45.0,0.0,10.0
1353,1.5,0.0,0.5,10.0,-22.5,0.5,0.0
1354,1.5,-22.5,1.0,0.5,-22.5,0.5,0.0
1355,1.5,45.0,0.0,1.0,0.0,0.5,0.0
1356,1.5,-22.5,0.5,3.0,22.5,1.0,0.5
1357,1.5,22.5,1.0,6.0,22.5,1.0,0.5
1358,1.5,0.0,0.0,10.0,45.0,1.0,1.0
1359,1.5,45.0,0.5,0.0,-45.0,1.0,1.0
1360,1.5,-45.0,1.0,0.5,-22.5,0.0,3.0
1361,1.5,0.0,0.0,1.0,-22.5,0.0,3.0
1362,1.5,-22.5,0.5,3.0,0.0,0.0,6.0
1363,1.5,45.0,1.0,6.0,22.5,0.0,6.0
1364,1.5,-45.0,0.0,0.0,45.0,0.5,10.0
1365,1.5,22.5,0.5,0.5,45.0,0.5,10.0
1366,1.5,0.0,1.0,1.0,-45.0,0.5,0.0
1367,1.5,45.0,0.0,3.0,-22.5,1.0,0.0
1368,1.5,-45.0,0.5,10.0,-22.5,1.0,0.0
1369,1.5,22.5,1.0,0.0,0.0,1.0,0.5
1370,1.5,-22.5,0.0,0.5,22.5,1.0,0.5
1371,1.5,45.0,0.5,1.0,45.0,0.0,1.0
1372,1.5,-22.5,1.0,6.0,45.0,0.0,1.0
1373,1.5,0.0,0.5,0.0,-22.5,0.0,3.0
1374,1.5,45.0,1.0,1.0,0.0,0.5,6.0
1375,1.5,-45.0,0.0,3.0,0.0,0.5,6.0
1376,1.5,0.0,0.5,6.0,22.5,0.5,10.0
1377,1.5,-22.5,1.0,10.0,45.0,1.0,10.0
1378,1.5,22.5,0.0,0.5,45.0,1.0,0.0
1379,1.5,-45.0,0.5,1.0,-45.0,1.0,0.0
1380,1.5,22.5,1.0,3.0,-45.0,1.0,0.0
1381,1.5,-22.5,0.0,6.0,-22.5,0.0,0.5
1382,1.5,45.0,0.5,10.0,0.0,0.0,0.5
1383,1.5,-45.0,1.0,0.0,0.0,0.0,1.0
1384,1.5,0.0,0.0,0.5,22.5,0.0,1.0
1385,1.5,-22.5,0.5,1.0,45.0,0.5,3.0
1386,1.5,45.0,1.0,3.0,-45.0,0.5,3.0
1387,1.5,-45.0,0.0,6.0,-45.0,0.5,6.0
1388,1.5,22.5,0.5,0.0,-22.5,1.0,6.0
1389,1.5,0.0,1.0,0.5,0.0,1.0,10.0
1390,1.5,45.0,0.0,1.0,22.5,1.0,10.0
1391,1.5,-45.0,0.5,3.0,22.5,1.0,0.0
1392,1.5,0.0,1.0,10.0,45.0,0.0,0.0
1393,1.5,-22.5,0.0,0.0,-45.0,0.0,0.5
1394,1.5,22.5,0.5,0.5,-45.0,0.0,0.5
1395,1.5,-45.0,1.0,3.0,-22.5,0.5,0.5
1396,1.5,22.5,0.0,6.0,0.0,0.5,1.0
1397,1.5,0.0,0.5,10.0,22.5,0.5,1.0
1398,1.5,45.0,1.0,0.0,22.5,0.5,3.0
1399,1.5,-45.0,0.0,1.0,45.0,1.0,3.0
1400,1.5,22.5,0.5,3.0,-45.0,1.0,6.0
1401,1.5,-22.5,1.0,6.0,-22.5,1.0,6.0
1402,1.5,45.0,0.0,10.0,-22.5,1.0,10.0
1403,1.5,-22.5,0.5,0.5,0.0,0.0,10.0
1404,1.5,22.5,1.0,1.0,22.5,0.0,0.0
1405,1.5,0.0,0.0,3.0,22.5,0.0,0.0
1406,1.5,45.0,0.5,6.0,45.0,0.5,0.5
1407,1.5,-45.0,1.0,10.0,-45.0,0.5,0.5
1408,1.5,0.0,0.0,0.0,-22.5,0.5,0.5
1409,1.5,-22.5,0.5,0.5,-22.5,0.5,1.0
1410,1.5,22.5,1.0,1.0,0.0,1.0,1.0
1411,1.5,-45.0,0.0,3.0,22.5,1.0,3.0
1412,1.5,22.5,0.5,10.0,45.0,1.0,3.0
1413,1.5,0.0,1.0,0.0,45.0,1.0,6.0
1414,1.5,45.0,0.0,0.5,-45.0,0.0,6.0
1415,1.5,-45.0,0.5,1.0,-22.5,0.0,10.0
1416,1.5,0.0,1.0,6.0,-22.5,0.0,10.0
1417,1.5,-22.5,0.0,10.0,0.0,0.5,0.0
1418,1.5,45.0,0.5,0.0,22.5,0.5,0.0
1419,1.5,-22.5,1.0,0.5,45.0,0.5,0.5
1420,1.5,22.5,0.0,3.0,45.0,0.5,0.5
1421,1.5,0.0,0.5,6.0,-45.0,1.0,1.0
1422,1.5,45.0,1.0,10.0,-22.5,1.0,1.0
1423,1.5,-45.0,0.0,0.0,0.0,1.0,1.0
1424,1.5,0.0,0.5,1.0,0.0,1.0,3.0
1425,1.5,-22.5,1.0,3.0,22.5,0.0,3.0
1426,1.5,45.0,0.0,6.0,45.0,0.0,6.0
1427,1.5,-45.0,0.5,10.0,45.0,0.0,6.0
1428,1.5,22.5,1.0,0.5,-45.0,0.0,10.0
1429,1.5,0.0,0.0,1.0,-45.0,0.5,10.0
1430,1.5,45.0,0.5,3.0,-22.5,0.5,0.0
1431,1.5,-45.0,1.0,6.0,0.0,0.5,0.0
1432,1.5,22.5,0.0,10.0,0.0,0.5,0.5
1433,1.5,-22.5,0.5,0.0,22.5,1.0,0.5
1434,1.5,45.0,1.0,0.5,45.0,1.0,1.0
1435,1.5,-22.5,0.0,1.0,-45.0,1.0,1.0
1436,1.5,22.5,0.5,3.0,-45.0,0.0,1.0
1437,1.5,0.0,1.0,6.0,-22.5,0.0,3.0
1438,1.5,45.0,0.0,0.0,0.0,0.0,3.0
1439,1.5,-45.0,0.5,0.5,22.5,0.0,6.0
1440,1.5,0.0,1.0,1.0,22.5,0.5,6.0
1441,1.5,-22.5,0.0,3.0,45.0,0.5,10.0
1442,1.5,22.5,0.5,10.0,-45.0,0.5,10.0
1443,1.5,-45.0,1.0,0.0,-45.0,0.5,0.0
1444,1.5,22.5,0.0,0.5,-22.5,1.0,0.0
1445,1.5,-22.5,0.5,1.0,0.0,1.0,0.5
1446,1.5,45.0,1.0,6.0,22.5,1.0,0.5
1447,1.5,-45.0,0.0,10.0,22.5,0.0,1.0
1448,1.5,0.0,0.5,0.0,45.0,0.0,1.0
1449,1.5,-22.5,1.0,0.5,-45.0,0.0,3.0
1450,1.5,45.0,0.0,3.0,-22.5,0.0,3.0
1451,1.5,-45.0,0.5,6.0,-22.5,0.5,3.0
1452,1.5,22.5,1.0,10.0,0.0,0.5,6.0
1453,1.5,0.0,0.0,0.0,22.5,0.5,6.0
1454,1.5,45.0,0.5,1.0,22.5,0.5,10.0
1455,1.5,-45.0,1.0,3.0,45.0,1.0,10.0
1456,1.5,0.0,0.0,6.0,-45.0,1.0,0.0
1457,1.5,-22.5,0.5,10.0,-22.5,1.0,0.0
1458,1.5,22.5,1.0,0.0,-22.5,0.0,0.5
1459,1.5,-45.0,0.0,0.5,0.0,0.0,0.5
1460,1.5,22.5,0.5,1.0,22.5,0.0,1.0
1461,1.5,0.0,1.0,3.0,45.0,0.0,1.0
1462,1.5,45.0,0.0,6.0,45.0,0.5,3.0
1463,1.5,-45.0,0.5,0.0,-45.0,0.5,3.0
1464,1.5,0.0,1.0,0.5,-22.5,0.5,3.0
1465,1.5,-22.5,0.0,1.0,0.0,0.5,6.0
1466,1.5,45.0,0.5,3.0,0.0,1.0,6.0
1467,1.5,-22.5,1.0,10.0,22.5,1.0,10.0
1468,1.5,22.5,0.0,0.0,45.0,1.0,10.0
1469,1.5,0.0,0.5,0.5,45.0,0.0,0.0
1470,1.5,45.0,1.0,1.0,-45.0,0.0,0.0
1471,1.5,-45.0,0.0,6.0,-22.5,0.0,0.5
1472,1.5,0.0,0.5,10.0,0.0,0.0,0.5
1473,1.5,-22.5,1.0,0.0,0.0,0.5,1.0
1474,1.5,22.5,0.0,0.5,22.5,0.5,1.0
1475,1.5,-45.0,0.5,3.0,45.0,0.5,3.0
1476,1.5,22.5,1.0,6.0,45.0,1.0,3.0
1477,1.5,-22.5,0.0,10.0,-45.0,1.0,6.0
1478,1.5,45.0,0.5,0.5,-45.0,1.0,6.0
1479,1.5,-45.0,1.0,1.0,-22.5,1.0,6.0
1480,1.5,0.0,0.0,3.0,0.0,0.0,10.0
1481,1.5,-22.5,0.5,6.0,0.0,0.0,10.0
1482,1.5,45.0,1.0,10.0,22.5,0.0,0.0
1483,1.5,-22.5,0.0,0.0,45.0,0.0,0.0
1484,1.5,22.5,0.5,0.5,-45.0,0.5,0.5
1485,1.5,0.0,1.0,1.0,-45.0,0.5,0.5
1486,1.5,45.0,0.0,3.0,-22.5,0.5,1.0
1487,1.5,-45.0,0.5,6.0,0.0,1.0,1.0
1488,1.5,0.0,1.0,0.0,22.5,1.0,3.0
1489,1.5,-22.5,0.0,0.5,22.5,1.0,3.0
1490,1.5,22.5,0.5,1.0,45.0,1.0,6.0
1491,1.5,-45.0,1.0,3.0,-45.0,0.0,6.0
1492,1.5,22.5,0.0,10.0,-22.5,0.0,6.0
1493,1.5,0.0,0.5,0.0,-22.5,0.0,10.0
1494,1.5,-45.0,0.0,1.0,22.5,0.5,0.0
1495,1.5,22.5,0.5,6.0,22.5,0.5,0.0
1496,1.5,-22.5,1.0,10.0,45.0,0.5,0.5
1497,1.5,45.0,0.0,0.0,-45.0,1.0,0.5
1498,1.5,-22.5,0.5,1.0,-22.5,1.0,1.0
1499,1.5,22.5,1.0,3.0,-22.5,1.0,1.0
1500,1.5,0.0,0.0,6.0,0.0,1.0,3.0
1501,1.5,45.0,0.5,10.0,22.5,0.0,3.0
1502,1.5,-45.0,1.0,0.5,22.5,0.0,6.0
1503,1.5,0.0,0.0,1.0,45.0,0.0,6.0
1504,1.5,-22.5,0.5,3.0,-45.0,0.0,10.0
1505,1.5,22.5,1.0,6.0,-22.5,0.5,10.0
1506,1.5,-45.0,0.0,10.0,-22.5,0.5,10.0
1507,1.5,22.5,0.5,0.0,0.0,0.5,0.0
1508,1.5,-22.5,1.0,0.5,22.5,1.0,0.0
1509,1.5,45.0,0.0,1.0,45.0,1.0,0.5
1510,1.5,-45.0,0.5,3.0,45.0,1.0,0.5
1511,1.5,0.0,1.0,6.0,-45.0,1.0,1.0
1512,1.5,-22.5,0.0,0.0,-22.5,0.0,1.0
1513,1.5,45.0,0.5,0.5,0.0,0.0,3.0
1514,1.5,-45.0,1.0,1.0,0.0,0.0,3.0
1515,1.5,22.5,0.0,6.0,22.5,0.5,6.0
1516,1.5,0.0,0.5,10.0,45.0,0.5,6.0
1517,1.5,45.0,1.0,0.0,45.0,0.5,10.0
1518,1.5,-45.0,0.0,0.5,-45.0,0.5,10.0
1519,1.5,0.0,0.5,3.0,-22.5,1.0,10.0
1520,1.5,-22.5,1.0,6.0,0.0,1.0,0.0
1521,1.5,22.5,0.0,10.0,0.0,1.0,0.0
1522,1.5,-45.0,0.5,0.0,22.5,1.0,0.0
1523,1.5,22.5,1.0,1.0,45.0,0.0,0.5
1524,1.5,0.0,0.0,3.0,45.0,0.0,0.5
1525,1.5,45.0,0.5,6.0,-45.0,0.0,1.0
1526,1.5,-45.0,1.0,10.0,-45.0,0.5,1.0
1527,1.5,22.5,0.0,0.5,-22.5,0.5,3.0
1528,1.5,-22.5,0.5,1.0,0.0,0.5,3.0
1529,1.5,45.0,1.0,3.0,0.0,0.5,6.0
1530,1.5,-22.5,0.0,6.0,22.5,1.0,6.0
1531,1.5,22.5,0.5,10.0,45.0,1.0,10.0
1532,1.5,0.0,1.0,0.0,-45.0,1.0,10.0
1533,1.5,45.0,0.0,0.5,-45.0,1.0,0.0
1534,1.5,-45.0,0.5,1.0,-22.5,0.0,0.0
1535,1.5,0.0,1.0,3.0,0.0,0.0,0.0
1536,1.5,-22.5,0.0,10.0,0.0,0.0,0.5
1537,1.5,22.5,0.5,0.0,22.5,0.5,0.5
1538,1.5,-45.0,1.0,0.5,45.0,0.5,1.0
1539,1.5,22.5,0.0,1.0,-45.0,0.5,1.0
1540,1.5,0.0,0.5,6.0,-45.0,0.5,3.0
1541,1.5,45.0,1.0,10.0,-22.5,1.0,3.0
1542,1.5,-45.0,0.0,0.0,0.0,1.0,6.0
1543,1.5,0.0,0.5,0.5,22.5,1.0,6.0
1544,1.5,-22.5,1.0,3.0,22.5,1.0,10.0
1545,1.5,45.0,0.0,6.0,45.0,0.0,10.0
1546,1.5,-22.5,0.5,10.0,-45.0,0.0,0.0
1547,1.5,22.5,1.0,0.0,-22.5,0.0,0.0
1548,1.5,0.0,0.0,1.0,-22.5,0.0,0.0
1549,1.5,45.0,0.5,3.0,0.0,0.5,0.5
1550,1.5,-45.0,1.0,6.0,22.5,0.5,0.5
1551,1.5,0.0,0.0,10.0,22.5,0.5,1.0
1552,1.5,-22.5,0.5,0.5,45.0,0.5,1.0
1553,1.5,45.0,1.0,1.0,-45.0,1.0,3.0
1554,1.5,-45.0,0.0,3.0,-22.5,1.0,3.0
1555,1.5,22.5,0.5,6.0,-22.5,1.0,6.0
1556,1.5,0.0,1.0,10.0,0.0,0.0,6.0
1557,1.5,45.0,0.0,0.0,22.5,0.0,10.0
1558,1.5,-45.0,0.5,0.5,22.5,0.0,10.0
1559,1.5,22.5,1.0,1.0,45.0,0.0,0.0
1560,1.5,-22.5,0.0,3.0,-45.0,0.5,0.0
1561,1.5,45.0,0.5,6.0,-22.5,0.5,0.5
1562,1.5,-22.5,1.0,0.0,-22.5,0.5,0.5
1563,1.5,22.5,0.0,0.5,0.0,0.5,0.5
1564,1.5,0.0,0.5,1.0,22.5,1.0,1.0
1565,1.5,45.0,1.0,3.0,45.0,1.0,1.0
1566,1.5,-45.0,0.0,10.0,45.0,1.0,3.0
1567,1.5,0.0,0.5,0.0,-45.0,0.0,3.0
1568,1.5,-22.5,1.0,0.5,-22.5,0.0,6.0
1569,1.5,22.5,0.0,1.0,0.0,0.0,6.0
1570,1.5,-45.0,0.5,6.0,0.0,0.0,10.0
1571,1.5,22.5,1.0,10.0,22.5,0.5,10.0
1572,1.5,-22.5,0.0,0.0,45.0,0.5,0.0
1573,1.5,45.0,0.5,0.5,45.0,0.5,0.0
1574,1.5,-45.0,1.0,3.0,-45.0,0.5,0.5
1575,1.5,0.0,0.0,6.0,-45.0,1.0,0.5
1576,1.5,-22.5,0.5,10.0,-22.5,1.0,0.5
1577,1.5,45.0,1.0,0.0,0.0,1.0,1.0
1578,1.5,-45.0,0.0,1.0,0.0,0.0,1.0
1579,1.5,22.5,0.5,3.0,22.5,0.0,3.0
1580,1.5,0.0,1.0,6.0,45.0,0.0,3.0
1581,1.5,45.0,0.0,10.0,-45.0,0.0,6.0
1582,1.5,-45.0,0.5,0.0,-45.0,0.5,6.0
1583,1.5,0.0,1.0,0.5,-22.5,0.5,10.0
1584,1.5,22.5,0.5,3.0,0.0,0.5,0.0
1585,1.5,-45.0,1.0,6.0,22.5,1.0,0.0
1586,1.5,22.5,0.0,0.0,45.0,1.0,0.5
1587,1.5,0.0,0.5,0.5,-45.0,1.0,0.5
1588,1.5,45.0,1.0,1.0,-45.0,0.0,1.0
1589,1.5,-45.0,0.0,3.0,-22.5,0.0,1.0
1590,1.5,0.0,0.5,10.0,0.0,0.0,1.0
1591,1.5,-22.5,1.0,0.0,22.5,0.0,3.0
1592,1.5,45.0,0.0,0.5,22.5,0.5,3.0
1593,1.5,-22.5,0.5,1.0,45.0,0.5,6.0
1594,1.5,22.5,1.0,6.0,-45.0,0.5,6.0
1595,1.5,0.0,0.0,10.0,-22.5,1.0,10.0
1596,1.5,45.0,0.5,0.0,-22.5,1.0,10.0
1597,1.5,-45.0,1.0,0.5,0.0,1.0,0.0
1598,1.5,0.0,0.0,3.0,22.5,1.0,0.0
1599,1.5,-22.5,0.5,6.0,22.5,0.0,0.5
1600,1.5,22.5,1.0,10.0,45.0,0.0,0.5
1601,1.5,-45.0,0.0,0.5,-45.0,0.0,1.0
1602,1.5,-22.5,1.0,3.0,-22.5,0.5,1.0
1603,1.5,45.0,0.0,6.0,0.0,0.5,3.0
1604,1.5,-45.0,0.5,10.0,22.5,0.5,3.0
1605,1.5,0.0,1.0,0.0,22.5,1.0,6.0
1606,1.5,-22.5,0.0,0.5,45.0,1.0,6.0
1607,1.5,45.0,0.5,1.0,-45.0,1.0,10.0
1608,1.5,-22.5,1.0,3.0,-22.5,1.0,10.0
1609,1.5,22.5,0.0,6.0,-22.5,0.0,0.0
1610,1.5,0.0,0.5,0.0,0.0,0.0,0.0
1611,1.5,45.0,1.0,0.5,22.5,0.0,0.5
1612,1.5,0.0,0.5,3.0,45.0,0.5,1.0
1613,1.5,-22.5,1.0,10.0,-45.0,0.5,1.0
1614,1.5,45.0,0.0,0.0,-22.5,0.5,3.0
1615,1.5,-45.0,0.5,0.5,0.0,1.0,3.0
1616,1.5,22.5,1.0,3.0,0.0,1.0,3.0
1617,1.5,0.0,0.0,6.0,22.5,1.0,6.0
1618,1.5,45.0,0.5,10.0,45.0,1.0,6.0
1619,1.5,-45.0,1.0,0.0,45.0,0.0,10.0
1620,1.5,22.5,0.0,1.0,-45.0,0.0,10.0
1621,1.5,-22.5,0.5,3.0,-45.0,0.0,0.0
1622,1.5,45.0,1.0,6.0,-22.5,0.0,0.0
1623,1.5,-22.5,0.0,10.0,0.0,0.5,0.5
1624,1.5,22.5,0.5,0.5,0.0,0.5,0.5
1625,1.5,0.0,1.0,1.0,22.5,0.5,1.0
1626,1.5,45.0,0.0,3.0,45.0,1.0,1.0
1627,1.5,-45.0,0.5,6.0,-45.0,1.0,3.0
1628,1.5,0.0,1.0,10.0,-45.0,1.0,3.0
1629,1.5,-22.5,0.0,0.0,-22.5,1.0,3.0
1630,1.5,22.5,0.5,0.5,0.0,0.0,6.0
1631,1.5,-45.0,1.0,1.0,0.0,0.0,6.0
1632,1.5,22.5,0.0,3.0,22.5,0.0,10.0
1633,1.5,-22.5,0.5,6.0,45.0,0.5,10.0
1634,1.5,45.0,1.0,0.0,-45.0,0.5,0.0
1635,1.5,-45.0,0.0,0.5,-45.0,0.5,0.0
1636,1.5,0.0,0.5,1.0,-22.5,0.5,0.5
1637,1.5,-22.5,1.0,6.0,0.0,1.0,0.5
1638,1.5,45.0,0.0,10.0,22.5,1.0,1.0
1639,1.5,-22.5,0.5,0.0,22.5,1.0,1.0
1640,1.5,22.5,1.0,0.5,45.0,1.0,3.0
1641,1.5,0.0,0.0,3.0,-45.0,0.0,3.0
1642,1.5,45.0,0.5,6.0,-22.5,0.0,6.0
1643,1.5,-45.0,1.0,10.0,-22.5,0.0,6.0
1644,1.5,0.0,0.0,0.0,0.0,0.5,6.0
1645,1.5,-22.5,0.5,1.0,22.5,0.5,10.0
1646,1.5,22.5,1.0,3.0,22.5,0.5,10.0
1647,1.5,-45.0,0.0,6.0,45.0,0.5,0.0
1648,1.5,22.5,0.5,10.0,-45.0,1.0,0.0
1649,1.5,0.0,1.0,0.5,-22.5,1.0,0.5
1650,1.5,45.0,0.0,1.0,-22.5,1.0,0.5
1651,1.5,-45.0,0.5,3.0,0.0,1.0,1.0
1652,1.5,22.5,1.0,6.0,22.5,0.0,1.0
1653,1.5,-22.5,0.0,10.0,45.0,0.0,3.0
1654,1.5,45.0,0.5,0.0,45.0,0.0,3.0
1655,1.5,-22.5,1.0,0.5,-45.0,0.5,6.0
1656,1.5,22.5,0.0,1.0,-22.5,0.5,6.0
1657,1.5,0.0,0.5,3.0,-22.5,0.5,6.0
1658,1.5,45.0,1.0,10.0,0.0,0.5,10.0
1659,1.5,-45.0,0.0,0.0,22.5,1.0,10.0
1660,1.5,0.0,0.5,0.5,45.0,1.0,0.0
1661,1.5,-22.5,1.0,1.0,45.0,1.0,0.0
1662,1.5,22.5,0.0,6.0,-45.0,1.0,0.5
1663,1.5,-45.0,0.5,10.0,-22.5,0.0,0.5
1664,1.5,22.5,1.0,0.0,0.0,0.0,1.0
1665,1.5,0.0,0.0,0.5,0.0,0.0,1.0
1666,1.5,45.0,0.5,3.0,22.5,0.0,3.0
1667,1.5,-45.0,1.0,6.0,45.0,0.5,3.0
1668,1.5,0.0,0.0,10.0,45.0,0.5,6.0
1669,1.5,-22.5,0.5,0.0,-45.0,0.5,6.0
1670,1.5,45.0,1.0,1.0,-45.0,0.5,10.0
1671,1.5,-22.5,0.0,3.0,-22.5,1.0,10.0
1672,1.5,22.5,0.5,6.0,0.0,1.0,10.0
1673,1.5,0.0,1.0,10.0,0.0,1.0,0.0
1674,1.5,45.0,0.0,0.5,22.5,0.0,0.0
1675,1.5,-45.0,0.5,1.0,45.0,0.0,0.5
1676,1.5,0.0,1.0,3.0,-45.0,0.0,0.5
1677,1.5,-22.5,0.0,6.0,-45.0,0.0,1.0
1678,1.5,45.0,0.5,10.0,-22.5,0.5,1.0
1679,1.5,-45.0,1.0,0.0,0.0,0.5,3.0
1680,1.5,22.5,0.0,0.5,22.5,0.5,3.0
1681,1.5,0.0,0.5,1.0,22.5,0.5,6.0
1682,1.5,45.0,1.0,3.0,45.0,1.0,6.0
1683,1.5,-45.0,0.0,6.0,-45.0,1.0,10.0
1684,1.5,22.5,0.5,0.0,-45.0,1.0,10.0
1685,1.5,-22.5,1.0,0.5,-22.5,0.0,10.0
1686,1.5,45.0,0.0,1.0,0.0,0.0,0.0
1687,1.5,-22.5,0.5,3.0,22.5,0.0,0.0
1688,1.5,22.5,1.0,10.0,22.5,0.0,0.0
1689,1.5,0.0,0.0,0.0,45.0,0.5,0.5
1690,1.5,45.0,0.5,0.5,-45.0,0.5,0.5
1691,1.5,-45.0,1.0,1.0,-22.5,0.5,1.0
1692,1.5,0.0,0.0,6.0,-22.5,0.5,1.0
1693,1.5,-22.5,0.5,10.0,0.0,1.0,3.0
1694,1.5,22.5,1.0,0.0,22.5,1.0,3.0
1695,1.5,-45.0,0.0,0.5,22.5,1.0,6.0
1696,1.5,22.5,0.5,3.0,45.0,0.0,6.0
1697,1.5,-22.5,1.0,6.0,-45.0,0.0,10.0
1698,1.5,45.0,0.0,10.0,-22.5,0.0,10.0
1699,1.5,-45.0,0.5,0.0,-22.5,0.0,0.0
1700,1.5,0.0,1.0,1.0,0.0,0.5,0.0
1701,1.5,-22.5,0.0,3.0,22.5,0.5,0.0
1702,1.5,-45.0,1.0,10.0,45.0,0.5,0.5
1703,1.5,22.5,0.0,0.0,-45.0,1.0,1.0
1704,1.5,0.0,0.5,0.5,-22.5,1.0,1.0
1705,1.5,45.0,1.0,1.0,-22.5,1.0,3.0
1706,1.5,-45.0,0.0,3.0,0.0,0.0,3.0
1707,1.5,0.0,0.5,6.0,22.5,0.0,6.0
1708,1.5,-22.5,1.0,0.0,45.0,0.0,6.0
1709,1.5,22.5,0.0,0.5,45.0,0.0,10.0
1710,1.5,-45.0,0.5,1.0,-45.0,0.5,10.0
1711,1.5,22.5,1.0,3.0,-22.5,0.5,0.0
1712,1.5,0.0,0.0,10.0,0.0,0.5,0.0
1713,1.5,45.0,0.5,0.0,0.0,1.0,0.5
1714,1.5,-45.0,1.0,0.5,22.5,1.0,0.5
1715,1.5,0.0,0.0,1.0,45.0,1.0,0.5
1716,1.5,-22.5,0.5,6.0,45.0,1.0,1.0
1717,1.5,45.0,1.0,10.0,-45.0,0.0,1.0
1718,1.5,-22.5,0.0,0.0,-45.0,0.0,3.0
1719,1.5,22.5,0.5,1.0,-22.5,0.0,3.0
1720,1.5,0.0,1.0,3.0,0.0,0.0,6.0
1721,1.5,45.0,0.0,6.0,0.0,0.5,6.0
1722,1.5,-45.0,0.5,10.0,22.5,0.5,10.0
1723,1.5,0.0,1.0,0.5,45.0,0.5,10.0
1724,1.5,-22.5,0.0,1.0,-45.0,1.0,0.0
1725,1.5,22.5,0.5,3.0,-45.0,1.0,0.0
1726,1.5,-45.0,1.0,6.0,-22.5,1.0,0.5
1727,1.5,22.5,0.0,10.0,0.0,1.0,0.5
1728,1.5,-22.5,0.5,0.0,22.5,0.0,0.5
1729,1.5,45.0,1.0,0.5,22.5,0.0,1.0
1730,1.5,-45.0,0.0,1.0,45.0,0.0,1.0
1731,1.5,0.0,0.5,3.0,-45.0,0.0,3.0
1732,1.5,-22.5,1.0,6.0,-45.0,0.5,3.0
1733,1.5,45.0,0.0,0.0,-22.5,0.5,6.0
1734,1.5,-22.5,0.5,0.5,0.0,0.5,6.0
1735,1.5,22.5,1.0,1.0,22.5,1.0,10.0
1736,1.5,0.0,0.0,3.0,22.5,1.0,10.0
1737,1.5,45.0,0.5,10.0,45.0,1.0,0.0
1738,1.5,-45.0,1.0,0.0,-45.0,1.0,0.0
1739,1.5,0.0,0.0,0.5,-22.5,0.0,0.5
1740,1.5,-22.5,0.5,3.0,-22.5,0.0,0.5
1741,1.5,22.5,1.0,6.0,0.0,0.0,0.5
1742,1.5,-45.0,0.0,10.0,22.5,0.5,1.0
1743,1.5,22.5,0.5,0.0,22.5,0.5,1.0
1744,1.5,0.0,1.0,1.0,45.0,0.5,3.0
1745,1.5,45.0,0.0,3.0,-45.0,0.5,3.0
1746,1.5,-45.0,0.5,6.0,-22.5,1.0,6.0
1747,1.5,22.5,1.0,10.0,-22.5,1.0,6.0
1748,1.5,-22.5,0.0,0.5,0.0,1.0,10.0
1749,1.5,45.0,0.5,1.0,22.5,1.0,10.0
1750,1.5,-22.5,1.0,3.0,45.0,0.0,0.0
1751,1.5,22.5,0.0,6.0,45.0,0.0,0.0
1752,1.5,0.0,0.5,10.0,-45.0,0.0,0.5
1753,1.5,45.0,1.0,0.0,-22.5,0.5,0.5
1754,1.5,-45.0,0.0,0.5,-22.5,0.5,1.0
1755,1.5,0.0,0.5,1.0,0.0,0.5,1.0
1756,1.5,-22.5,1.0,3.0,22.5,0.5,1.0
1757,1.5,22.5,0.0,6.0,45.0,1.0,3.0
1758,1.5,-45.0,0.5,0.0,45.0,1.0,3.0
1759,1.5,22.5,1.0,0.5,-45.0,1.0,6.0
1760,1.5,-22.5,0.0,1.0,-22.5,1.0,6.0
1761,1.5,45.0,0.5,6.0,0.0,0.0,10.0
1762,1.5,-45.0,1.0,10.0,0.0,0.0,10.0
1763,1.5,0.0,0.0,0.0,22.5,0.0,0.0
1764,1.5,-22.5,0.5,0.5,45.0,0.5,0.0
1765,1.5,45.0,1.0,3.0,45.0,0.5,0.5
1766,1.5,-45.0,0.0,6.0,-45.0,0.5,0.5
1767,1.5,22.5,0.5,10.0,-45.0,0.5,1.0
1768,1.5,0.0,1.0,0.0,-22.5,1.0,1.0
1769,1.5,45.0,0.0,1.0,0.0,1.0,1.0
1770,1.5,-45.0,0.5,3.0,0.0,1.0,3.0
1771,1.5,0.0,1.0,6.0,22.5,1.0,3.0
1772,1.5,-22.5,0.0,10.0,45.0,0.0,6.0
1773,1.5,22.5,0.5,0.5,-45.0,0.0,6.0
1774,1.5,-45.0,1.0,1.0,-45.0,0.0,10.0
1775,1.5,22.5,0.0,3.0,-22.5,0.5,10.0
1776,1.5,0.0,0.5,6.0,0.0,0.5,0.0
1777,1.5,45.0,1.0,10.0,22.5,0.5,0.0
1778,1.5,-45.0,0.0,0.0,22.5,0.5,0.5
1779,0.0,0.0,0.0,0.0,-45.0,0.0,0.0
1780,0.0,0.0,0.0,0.0,-45.0,0.0,0.5
1781,0.0,0.0,0.0,0.0,-45.0,0.0,1.0
1782,0.0,0.0,0.0,0.0,-45.0,0.0,3.0
1783,0.0,0.0,0.0,0.0,-45.0,0.0,6.0
1784,0.0,0.0,0.0,0.0,-45.0,0.0,10.0
1785,0.0,0.0,0.0,0.0,-45.0,0.5,0.0
1786,0.0,0.0,0.0,0.0,-45.0,0.5,0.5
1787,0.0,0.0,0.0,0.0,-45.0,0.5,1.0
1788,0.0,0.0,0.0,0.0,-45.0,0.5,3.0
1789,0.0,0.0,0.0,0.0,-45.0,0.5,6.0
1790,0.0,0.0,0.0,0.0,-45.0,0.5,10.0
1791,0.0,0.0,0.0,0.0,-45.0,1.0,0.0
1792,0.0,0.0,0.0,0.0,-45.0,1.0,0.5
1793,0.0,0.0,0.0,0.0,-45.0,1.0,1.0
1794,0.0,0.0,0.0,0.0,-45.0,1.0,3.0
1795,0.0,0.0,0.0,0.0,-45.0,1.0,6.0
1796,0.0,0.0,0.0,0.0,-45.0,1.0,10.0
1797,0.0,0.0,0.0,0.0,-22.5,0.0,0.0
1798,0.0,0.0,0.0,0.0,-22.5,0.0,0.5
1799,0.0,0.0,0.0,0.0,-22.5,0.0,1.0
1800,0.0,0.0,0.0,0.0,-22.5,0.0,3.0
1801,0.0,0.0,0.0,0.0,-22.5,0.0,6.0
1802,0.0,0.0,0.0,0.0,-22.5,0.0,10.0
1803,0.0,0.0,0.0,0.0,-22.5,0.5,0.0
1804,0.0,0.0,0.0,0.0,-22.5,0.5,0.5
1805,0.0,0.0,0.0,0.0,-22.5,0.5,1.0
1806,0.0,0.0,0.0,0.0,-22.5,0.5,3.0
1807,0.0,0.0,0.0,0.0,-22.5,0.5,6.0
1808,0.0,0.0,0.0,0.0,-22.5,0.5,10.0
1809,0.0,0.0,0.0,0.0,-22.5,1.0,0.0
1810,0.0,0.0,0.0,0.0,-22.5,1.0,0.5
1811,0.0,0.0,0.0,0.0,-22.5,1.0,1.0
1812,0.0,0.0,0.0,0.0,-22.5,1.0,3.0
1813,0.0,0.0,0.0,0.0,-22.5,1.0,6.0
1814,0.0,0.0,0.0,0.0,-22.5,1.0,10.0
1815,0.0,0.0,0.0,0.0,0.0,0.0,0.0
1816,0.0,0.0,0.0,0.0,0.0,0.0,0.5
1817,0.0,0.0,0.0,0.0,0.0,0.0,1.0
1818,0.0,0.0,0.0,0.0,0.0,0.0,3.0
1819,0.0,0.0,0.0,0.0,0.0,0.0,6.0
1820,0.0,0.0,0.0,0.0,0.0,0.0,10.0
1821,0.0,0.0,0.0,0.0,0.0,0.5,0.0
1822,0.0,0.0,0.0,0.0,0.0,0.5,0.5
1823,0.0,0.0,0.0,0.0,0.0,0.5,1.0
1824,0.0,0.0,0.0,0.0,0.0,0.5,3.0
1825,0.0,0.0,0.0,0.0,0.0,0.5,6.0
1826,0.0,0.0,0.0,0.0,0.0,0.5,10.0
1827,0.0,0.0,0.0,0.0,0.0,1.0,0.0
1828,0.0,0.0,0.0,0.0,0.0,1.0,0.5
1829,0.0,0.0,0.0,0.0,0.0,1.0,1.0
1830,0.0,0.0,0.0,0.0,0.0,1.0,3.0
1831,0.0,0.0,0.0,0.0,0.0,1.0,6.0
1832,0.0,0.0,0.0,0.0,0.0,1.0,10.0
1833,0.0,0.0,0.0,0.0,22.5,0.0,0.0
1834,0.0,0.0,0.0,0.0,22.5,0.0,0.5
1835,0.0,0.0,0.0,0.0,22.5,0.0,1.0
1836,0.0,0.0,0.0,0.0,22.5,0.0,3.0
1837,0.0,0.0,0.0,0.0,22.5,0.0,6.0
1838,0.0,0.0,0.0,0.0,22.5,0.0,10.0
1839,0.0,0.0,0.0,0.0,22.5,0.5,0.0
1840,0.0,0.0,0.0,0.0,22.5,0.5,0.5
1841,0.0,0.0,0.0,0.0,22.5,0.5,1.0
1842,0.0,0.0,0.0,0.0,22.5,0.5,3.0
1843,0.0,0.0,0.0,0.0,22.5,0.5,6.0
1844,0.0,0.0,0.0,0.0,22.5,0.5,10.0
1845,0.0,0.0,0.0,0.0,22.5,1.0,0.0
1846,0.0,0.0,0.0,0.0,22.5,1.0,0.5
1847,0.0,0.0,0.0,0.0,22.5,1.0,1.0
1848,0.0,0.0,0.0,0.0,22.5,1.0,3.0
1849,0.0,0.0,0.0,0.0,22.5,1.0,6.0
1850,0.0,0.0,0.0,0.0,22.5,1.0,10.0
1851,0.0,0.0,0.0,0.0,45.0,0.0,0.0
1852,0.0,0.0,0.0,0.0,45.0,0.0,0.5
1853,0.0,0.0,0.0,0.0,45.0,0.0,1.0
1854,0.0,0.0,0.0,0.0,45.0,0.0,3.0
1855,0.0,0.0,0.0,0.0,45.0,0.0,6.0
1856,0.0,0.0,0.0,0.0,45.0,0.0,10.0
1857,0.0,0.0,0.0,0.0,45.0,0.5,0.0
1858,0.0,0.0,0.0,0.0,45.0,0.5,0.5
1859,0.0,0.0,0.0,0.0,45.0,0.5,1.0
1860,0.0,0.0,0.0,0.0,45.0,0.5,3.0
1861,0.0,0.0,0.0,0.0,45.0,0.5,6.0
1862,0.0,0.0,0.0,0.0,45.0,0.5,10.0
1863,0.0,0.0,0.0,0.0,45.0,1.0,0.0
1864,0.0,0.0,0.0,0.0,45.0,1.0,0.5
1865,0.0,0.0,0.0,0.0,45.0,1.0,1.0
1866,0.0,0.0,0.0,0.0,45.0,1.0,3.0
1867,0.0,0.0,0.0,0.0,45.0,1.0,6.0
1868,0.0,0.0,0.0,0.0,45.0,1.0,10.0
1869,2.0,-45.0,0.0,0.0,0.0,0.0,0.0
1870,2.0,-45.0,0.0,0.5,0.0,0.0,0.0
1871,2.0,-45.0,0.0,1.0,0.0,0.0,0.0
1872,2.0,-45.0,0.0,3.0,0.0,0.0,0.0
1873,2.0,-45.0,0.0,6.0,0.0,0.0,0.0
1874,2.0,-45.0,0.0,10.0,0.0,0.0,0.0
1875,2.0,-45.0,0.5,0.0,0.0,0.0,0.0
1876,2.0,-45.0,0.5,0.5,0.0,0.0,0.0
1877,2.0,-45.0,0.5,1.0,0.0,0.0,0.0
1878,2.0,-45.0,0.5,3.0,0.0,0.0,0.0
1879,2.0,-45.0,0.5,6.0,0.0,0.0,0.0
1880,2.0,-45.0,0.5,10.0,0.0,0.0,0.0
1881,2.0,-45.0,1.0,0.0,0.0,0.0,0.0
1882,2.0,-45.0,1.0,0.5,0.0,0.0,0.0
1883,2.0,-45.0,1.0,1.0,0.0,0.0,0.0
1884,2.0,-45.0,1.0,3.0,0.0,0.0,0.0
1885,2.0,-45.0,1.0,6.0,0.0,0.0,0.0
1886,2.0,-45.0,1.0,10.0,0.0,0.0,0.0
1887,2.0,-22.5,0.0,0.0,0.0,0.0,0.0
1888,2.0,-22.5,0.0,0.5,0.0,0.0,0.0
1889,2.0,-22.5,0.0,1.0,0.0,0.0,0.0
1890,2.0,-22.5,0.0,3.0,0.0,0.0,0.0
1891,2.0,-22.5,0.0,6.0,0.0,0.0,0.0
1892,2.0,-22.5,0.0,10.0,0.0,0.0,0.0
1893,2.0,-22.5,0.5,0.0,0.0,0.0,0.0
1894,2.0,-22.5,0.5,0.5,0.0,0.0,0.0
1895,2.0,-22.5,0.5,1.0,0.0,0.0,0.0
1896,2.0,-22.5,0.5,3.0,0.0,0.0,0.0
1897,2.0,-22.5,0.5,6.0,0.0,0.0,0.0
1898,2.0,-22.5,0.5,10.0,0.0,0.0,0.0
1899,2.0,-22.5,1.0,0.0,0.0,0.0,0.0
1900,2.0,-22.5,1.0,0.5,0.0,0.0,0.0
1901,2.0,-22.5,1.0,1.0,0.0,0.0,0.0
1902,2.0,-22.5,1.0,3.0,0.0,0.0,0.0
1903,2.0,-22.5,1.0,6.0,0.0,0.0,0.0
1904,2.0,-22.5,1.0,10.0,0.0,0.0,0.0
1905,2.0,0.0,0.0,0.0,0.0,0.0,0.0
1906,2.0,0.0,0.0,0.5,0.0,0.0,0.0
1907,2.0,0.0,0.0,1.0,0.0,0.0,0.0
1908,2.0,0.0,0.0,3.0,0.0,0.0,0.0
1909,2.0,0.0,0.0,6.0,0.0,0.0,0.0
1910,2.0,0.0,0.0,10.0,0.0,0.0,0.0
1911,2.0,0.0,0.5,0.0,0.0,0.0,0.0
1912,2.0,0.0,0.5,0.5,0.0,0.0,0.0
1913,2.0,0.0,0.5,1.0,0.0,0.0,0.0
1914,2.0,0.0,0.5,3.0,0.0,0.0,0.0
1915,2.0,0.0,0.5,6.0,0.0,0.0,0.0
1916,2.0,0.0,0.5,10.0,0.0,0.0,0.0
1917,2.0,0.0,1.0,0.0,0.0,0.0,0.0
1918,2.0,0.0,1.0,0.5,0.0,0.0,0.0
1919,2.0,0.0,1.0,1.0,0.0,0.0,0.0
1920,2.0,0.0,1.0,3.0,0.0,0.0,0.0
1921,2.0,0.0,1.0,6.0,0.0,0.0,0.0
1922,2.0,0.0,1.0,10.0,0.0,0.0,0.0
1923,2.0,22.5,0.0,0.0,0.0,0.0,0.0
1924,2.0,22.5,0.0,0.5,0.0,0.0,0.0
1925,2.0,22.5,0.0,1.0,0.0,0.0,0.0
1926,2.0,22.5,0.0,3.0,0.0,0.0,0.0
1927,2.0,22.5,0.0,6.0,0.0,0.0,0.0
1928,2.0,22.5,0.0,10.0,0.0,0.0,0.0
1929,2.0,22.5,0.5,0.0,0.0,0.0,0.0
1930,2.0,22.5,0.5,0.5,0.0,0.0,0.0
1931,2.0,22.5,0.5,1.0,0.0,0.0,0.0
1932,2.0,22.5,0.5,3.0,0.0,0.0,0.0
1933,2.0,22.5,0.5,6.0,0.0,0.0,0.0
1934,2.0,22.5,0.5,10.0,0.0,0.0,0.0
1935,2.0,22.5,1.0,0.0,0.0,0.0,0.0
1936,2.0,22.5,1.0,0.5,0.0,0.0,0.0
1937,2.0,22.5,1.0,1.0,0.0,0.0,0.0
1938,2.0,22.5,1.0,3.0,0.0,0.0,0.0
1939,2.0,22.5,1.0,6.0,0.0,0.0,0.0
1940,2.0,22.5,1.0,10.0,0.0,0.0,0.0
1941,2.0,45.0,0.0,0.0,0.0,0.0,0.0
1942,2.0,45.0,0.0,0.5,0.0,0.0,0.0
1943,2.0,45.0,0.0,1.0,0.0,0.0,0.0
1944,2.0,45.0,0.0,3.0,0.0,0.0,0.0
1945,2.0,45.0,0.0,6.0,0.0,0.0,0.0
1946,2.0,45.0,0.0,10.0,0.0,0.0,0.0
1947,2.0,45.0,0.5,0.0,0.0,0.0,0.0
1948,2.0,45.0,0.5,0.5,0.0,0.0,0.0
1949,2.0,45.0,0.5,1.0,0.0,0.0,0.0
1950,2.0,45.0,0.5,3.0,0.0,0.0,0.0
1951,2.0,45.0,0.5,6.0,0.0,0.0,0.0
1952,2.0,45.0,0.5,10.0,0.0,0.0,0.0
1953,2.0,45.0,1.0,0.0,0.0,0.0,0.0
1954,2.0,45.0,1.0,0.5,0.0,0.0,0.0
1955,2.0,45.0,1.0,1.0,0.0,0.0,0.0
1956,2.0,45.0,1.0,3.0,0.0,0.0,0.0
1957,2.0,45.0,1.0,6.0,0.0,0.0,0.0
1958,2.0,45.0,1.0,10.0,0.0,0.0,0.0
1959,0.5,-45.0,0.0,0.0,-45.0,0.0,0.0
1960,0.5,-45.0,0.0,0.0,-45.0,0.0,10.0
1961,0.5,-45.0,0.0,0.0,-45.0,1.0,0.0
1962,0.5,-45.0,0.0,0.0,-45.0,1.0,10.0
1963,0.5,-45.0,0.0,0.0,45.0,0.0,0.0
1964,0.5,-45.0,0.0,0.0,45.0,0.0,10.0
1965,0.5,-45.0,0.0,0.0,45.0,1.0,0.0
1966,0.5,-45.0,0.0,0.0,45.0,1.0,10.0
1967,0.5,-45.0,0.0,10.0,-45.0,0.0,0.0
1968,0.5,-45.0,0.0,10.0,-45.0,0.0,10.0
1969,0.5,-45.0,0.0,10.0,-45.0,1.0,0.0
1970,0.5,-45.0,0.0,10.0,-45.0,1.0,10.0
1971,0.5,-45.0,0.0,10.0,45.0,0.0,0.0
1972,0.5,-45.0,0.0,10.0,45.0,0.0,10.0
1973,0.5,-45.0,0.0,10.0,45.0,1.0,0.0
1974,0.5,-45.0,0.0,10.0,45.0,1.0,10.0
1975,0.5,-45.0,1.0,0.0,-45.0,0.0,0.0
1976,0.5,-45.0,1.0,0.0,-45.0,0.0,10.0
1977,0.5,-45.0,1.0,0.0,-45.0,1.0,10.0
1978,0.5,-45.0,1.0,0.0,45.0,0.0,0.0
1979,0.5,-45.0,1.0,0.0,45.0,1.0,0.0
1980,0.5,-45.0,1.0,0.0,45.0,1.0,10.0
1981,0.5,-45.0,1.0,10.0,-45.0,0.0,0.0
1982,0.5,-45.0,1.0,10.0,-45.0,0.0,10.0
1983,0.5,-45.0,1.0,10.0,-45.0,1.0,0.0
1984,0.5,-45.0,1.0,10.0,-45.0,1.0,10.0
1985,0.5,-45.0,1.0,10.0,45.0,0.0,0.0
1986,0.5,-45.0,1.0,10.0,45.0,0.0,10.0
1987,0.5,-45.0,1.0,10.0,45.0,1.0,0.0
1988,0.5,-45.0,1.0,10.0,45.0,1.0,10.0
1989,0.5,45.0,0.0,0.0,-45.0,0.0,0.0
1990,0.5,45.0,0.0,0.0,-45.0,0.0,10.0
1991,0.5,45.0,0.0,0.0,-45.0,1.0,0.0
1992,0.5,45.0,0.0,0.0,-45.0,1.0,10.0
1993,0.5,45.0,0.0,0.0,45.0,0.0,0.0
1994,0.5,45.0,0.0,0.0,45.0,0.0,10.0
1995,0.5,45.0,0.0,0.0,45.0,1.0,0.0
1996,0.5,45.0,0.0,0.0,45.0,1.0,10.0
1997,0.5,45.0,0.0,10.0,-45.0,0.0,0.0
1998,0.5,45.0,0.0,10.0,-45.0,0.0,10.0
1999,0.5,45.0,0.0,10.0,-45.0,1.0,0.0
2000,0.5,45.0,0.0,10.0,-45.0,1.0,10.0
2001,0.5,45.0,0.0,10.0,45.0,0.0,0.0
2002,0.5,45.0,0.0,10.0,45.0,0.0,10.0
2003,0.5,45.0,0.0,10.0,45.0,1.0,0.0
2004,0.5,45.0,0.0,10.0,45.0,1.0,10.0
2005,0.5,45.0,1.0,0.0,-45.0,0.0,0.0
2006,0.5,45.0,1.0,0.0,-45.0,1.0,0.0
2007,0.5,45.0,1.0,0.0,-45.0,1.0,10.0
2008,0.5,45.0,1.0,0.0,45.0,0.0,0.0
2009,0.5,45.0,1.0,0.0,45.0,0.0,10.0
2010,0.5,45.0,1.0,0.0,45.0,1.0,0.0
2011,0.5,45.0,1.0,0.0,45.0,1.0,10.0
2012,0.5,45.0,1.0,10.0,-45.0,0.0,0.0
2013,0.5,45.0,1.0,10.0,-45.0,0.0,10.0
2014,0.5,45.0,1.0,10.0,-45.0,1.0,0.0
2015,0.5,45.0,1.0,10.0,-45.0,1.0,10.0
2016,0.5,45.0,1.0,10.0,45.0,0.0,0.0
2017,0.5,45.0,1.0,10.0,45.0,0.0,10.0
2018,0.5,45.0,1.0,10.0,45.0,1.0,0.0
2019,0.5,45.0,1.0,10.0,45.0,1.0,10.0
2020,1.0,-45.0,0.0,0.0,-45.0,0.0,0.0
2021,1.0,-45.0,0.0,0.0,-45.0,0.0,10.0
2022,1.0,-45.0,0.0,0.0,-45.0,1.0,0.0
2023,1.0,-45.0,0.0,0.0,-45.0,1.0,10.0
2024,1.0,-45.0,0.0,0.0,45.0,0.0,0.0
2025,1.0,-45.0,0.0,0.0,45.0,0.0,10.0
2026,1.0,-45.0,0.0,0.0,45.0,1.0,0.0
2027,1.0,-45.0,0.0,0.0,45.0,1.0,10.0
2028,1.0,-45.0,0.0,10.0,-45.0,0.0,0.0
2029,1.0,-45.0,0.0,10.0,-45.0,0.0,10.0
2030,1.0,-45.0,0.0,10.0,-45.0,1.0,0.0
2031,1.0,-45.0,0.0,10.0,-45.0,1.0,10.0
2032,1.0,-45.0,0.0,10.0,45.0,0.0,0.0
2033,1.0,-45.0,0.0,10.0,45.0,0.0,10.0
2034,1.0,-45.0,0.0,10.0,45.0,1.0,0.0
2035,1.0,-45.0,0.0,10.0,45.0,1.0,10.0
2036,1.0,-45.0,1.0,0.0,-45.0,0.0,0.0
2037,1.0,-45.0,1.0,0.0,-45.0,0.0,10.0
2038,1.0,-45.0,1.0,0.0,-45.0,1.0,10.0
2039,1.0,-45.0,1.0,0.0,45.0,0.0,0.0
2040,1.0,-45.0,1.0,0.0,45.0,1.0,0.0
2041,1.0,-45.0,1.0,0.0,45.0,1.0,10.0
2042,1.0,-45.0,1.0,10.0,-45.0,0.0,0.0
2043,1.0,-45.0,1.0,10.0,-45.0,0.0,10.0
2044,1.0,-45.0,1.0,10.0,-45.0,1.0,0.0
2045,1.0,-45.0,1.0,10.0,-45.0,1.0,10.0
2046,1.0,-45.0,1.0,10.0,45.0,0.0,0.0
2047,1.0,-45.0,1.0,10.0,45.0,0.0,10.0
2048,1.0,-45.0,1.0,10.0,45.0,1.0,0.0
2049,1.0,-45.0,1.0,10.0,45.0,1.0,10.0
2050,1.0,45.0,0.0,0.0,-45.0,0.0,0.0
2051,1.0,45.0,0.0,0.0,-45.0,0.0,10.0
2052,1.0,45.0,0.0,0.0,-45.0,1.0,0.0
2053,1.0,45.0,0.0,0.0,-45.0,1.0,10.0
2054,1.0,45.0,0.0,0.0,45.0,0.0,0.0
2055,1.0,45.0,0.0,0.0,45.0,0.0,10.0
2056,1.0,45.0,0.0,0.0,45.0,1.0,0.0
2057,1.0,45.0,0.0,0.0,45.0,1.0,10.0
2058,1.0,45.0,0.0,10.0,-45.0,0.0,0.0
2059,1.0,45.0,0.0,10.0,-45.0,0.0,10.0
2060,1.0,45.0,0.0,10.0,-45.0,1.0,0.0
2061,1.0,45.0,0.0,10.0,-45.0,1.0,10.0
2062,1.0,45.0,0.0,10.0,45.0,0.0,0.0
2063,1.0,45.0,0.0,10.0,45.0,0.0,10.0
2064,1.0,45.0,0.0,10.0,45.0,1.0,0.0
2065,1.0,45.0,0.0,10.0,45.0,1.0,10.0
2066,1.0,45.0,1.0,0.0,-45.0,0.0,0.0
2067,1.0,45.0,1.0,0.0,-45.0,1.0,0.0
2068,1.0,45.0,1.0,0.0,-45.0,1.0,10.0
2069,1.0,45.0,1.0,0.0,45.0,0.0,0.0
2070,1.0,45.0,1.0,0.0,45.0,0.0,10.0
2071,1.0,45.0,1.0,0.0,45.0,1.0,0.0
2072,1.0,45.0,1.0,0.0,45.0,1.0,10.0
2073,1.0,45.0,1.0,10.0,-45.0,0.0,0.0
2074,1.0,45.0,1.0,10.0,-45.0,0.0,10.0
2075,1.0,45.0,1.0,10.0,-45.0,1.0,0.0
2076,1.0,45.0,1.0,10.0,-45.0,1.0,10.0
2077,1.0,45.0,1.0,10.0,45.0,0.0,0.0
2078,1.0,45.0,1.0,10.0,45.0,0.0,10.0
2079,1.0,45.0,1.0,10.0,45.0,1.0,0.0
2080,1.0,45.0,1.0,10.0,45.0,1.0,10.0
2081,1.5,-45.0,0.0,0.0,-45.0,0.0,0.0
2082,1.5,-45.0,0.0,0.0,-45.0,0.0,10.0
2083,1.5,-45.0,0.0,0.0,-45.0,1.0,0.0
2084,1.5,-45.0,0.0,0.0,-45.0,1.0,10.0
2085,1.5,-45.0,0.0,0.0,45.0,0.0,0.0
2086,1.5,-45.0,0.0,0.0,45.0,0.0,10.0
2087,1.5,-45.0,0.0,0.0,45.0,1.0,0.0
2088,1.5,-45.0,0.0,0.0,45.0,1.0,10.0
2089,1.5,-45.0,0.0,10.0,-45.0,0.0,0.0
2090,1.5,-45.0,0.0,10.0,-45.0,0.0,10.0
2091,1.5,-45.0,0.0,10.0,-45.0,1.0,0.0
2092,1.5,-45.0,0.0,10.0,-45.0,1.0,10.0
2093,1.5,-45.0,0.0,10.0,45.0,0.0,0.0
2094,1.5,-45.0,0.0,10.0,45.0,0.0,10.0
2095,1.5,-45.0,0.0,10.0,45.0,1.0,0.0
2096,1.5,-45.0,0.0,10.0,45.0,1.0,10.0
2097,1.5,-45.0,1.0,0.0,-45.0,0.0,0.0
2098,1.5,-45.0,1.0,0.0,-45.0,0.0,10.0
2099,1.5,-45.0,1.0,0.0,-45.0,1.0,10.0
2100,1.5,-45.0,1.0,0.0,45.0,0.0,0.0
2101,1.5,-45.0,1.0,0.0,45.0,1.0,0.0
2102,1.5,-45.0,1.0,0.0,45.0,1.0,10.0
2103,1.5,-45.0,1.0,10.0,-45.0,0.0,0.0
2104,1.5,-45.0,1.0,10.0,-45.0,0.0,10.0
2105,1.5,-45.0,1.0,10.0,-45.0,1.0,0.0
2106,1.5,-45.0,1.0,10.0,-45.0,1.0,10.0
2107,1.5,-45.0,1.0,10.0,45.0,0.0,0.0
2108,1.5,-45.0,1.0,10.0,45.0,0.0,10.0
2109,1.5,-45.0,1.0,10.0,45.0,1.0,0.0
2110,1.5,-45.0,1.0,10.0,45.0,1.0,10.0
2111,1.5,45.0,0.0,0.0,-45.0,0.0,0.0
2112,1.5,45.0,0.0,0.0,-45.0,0.0,10.0
2113,1.5,45.0,0.0,0.0,-45.0,1.0,0.0
2114,1.5,45.0,0.0,0.0,-45.0,1.0,10.0
2115,1.5,45.0,0.0,0.0,45.0,0.0,0.0
2116,1.5,45.0,0.0,0.0,45.0,0.0,10.0
2117,1.5,45.0,0.0,0.0,45.0,1.0,0.0
2118,1.5,45.0,0.0,0.0,45.0,1.0,10.0
2119,1.5,45.0,0.0,10.0,-45.0,0.0,0.0
2120,1.5,45.0,0.0,10.0,-45.0,0.0,10.0
2121,1.5,45.0,0.0,10.0,-45.0,1.0,0.0
2122,1.5,45.0,0.0,10.0,-45.0,1.0,10.0
2123,1.5,45.0,0.0,10.0,45.0,0.0,0.0
2124,1.5,45.0,0.0,10.0,45.0,0.0,10.0
2125,1.5,45.0,0.0,10.0,45.0,1.0,0.0
2126,1.5,45.0,0.0,10.0,45.0,1.0,10.0
2127,1.5,45.0,1.0,0.0,-45.0,0.0,0.0
2128,1.5,45.0,1.0,0.0,-45.0,1.0,0.0
2129,1.5,45.0,1.0,0.0,-45.0,1.0,10.0
2130,1.5,45.0,1.0,0.0,45.0,0.0,0.0
2131,1.5,45.0,1.0,0.0,45.0,0.0,10.0
2132,1.5,45.0,1.0,0.0,45.0,1.0,0.0
2133,1.5,45.0,1.0,0.0,45.0,1.0,10.0
2134,1.5,45.0,1.0,10.0,-45.0,0.0,0.0
2135,1.5,45.0,1.0,10.0,-45.0,0.0,10.0
2136,1.5,45.0,1.0,10.0,-45.0,1.0,0.0
2137,1.5,45.0,1.0,10.0,-45.0,1.0,10.0
2138,1.5,45.0,1.0,10.0,45.0,0.0,0.0
2139,1.5,45.0,1.0,10.0,45.0,0.0,10.0
2140,1.5,45.0,1.0,10.0,45.0,1.0,0.0
2141,1.5,45.0,1.0,10.0,45.0,1.0,10.0
